cliente,a_i,p_i,b_i,ArtNum,tramite
1,0,157,757,3,rapida
2,675,162,1437,8,rapida
3,995,173,1768,5,rapida
4,1118,191,1909,17,normal
5,1873,153,2626,8,rapida
6,1940,209,2749,12,normal
7,2096,225,2921,35,normal
8,3600,207,4407,27,normal
9,3630,146,4376,5,rapida
10,3690,123,4413,3,rapida
11,3741,222,4563,13,normal
12,3776,118,4494,10,rapida
13,3779,201,4580,18,normal
14,3793,153,4546,3,rapida
15,3812,157,4569,4,rapida
16,3820,240,4660,30,normal
17,3822,205,4627,12,normal
18,3853,161,4614,2,rapida
19,3905,206,4711,22,normal
20,3922,131,4653,5,rapida
21,3982,206,4788,13,normal
22,3986,136,4722,6,rapida
23,3993,209,4802,12,normal
24,4024,152,4776,8,rapida
25,4039,181,4820,15,normal
26,4088,187,4875,12,normal
27,4130,139,4869,8,rapida
28,4146,216,4962,2,rapida
29,4151,136,4887,2,rapida
30,4166,232,4998,11,normal
31,4208,228,5036,24,normal
32,4259,227,5086,15,normal
33,4274,159,5033,1,rapida
34,4276,219,5095,28,normal
35,4315,197,5112,24,normal
36,4332,195,5127,23,normal
37,4349,208,5157,59,normal
38,4356,169,5125,5,rapida
39,4363,237,5200,11,normal
40,4422,171,5193,2,rapida
41,4462,213,5275,13,normal
42,4475,186,5261,11,normal
43,4503,139,5242,8,rapida
44,4536,162,5298,8,rapida
45,4641,159,5400,6,rapida
46,4648,176,5424,16,normal
47,4681,229,5510,28,normal
48,4739,245,5584,11,normal
49,4834,164,5598,9,rapida
50,4846,152,5598,5,rapida
51,4862,172,5634,15,normal
52,4911,170,5681,1,rapida
53,4914,155,5669,5,rapida
54,4950,121,5671,9,rapida
55,5087,154,5841,5,rapida
56,5127,230,5957,24,normal
57,5127,157,5884,1,rapida
58,5136,219,5955,18,normal
59,5148,191,5939,26,normal
60,5219,168,5987,10,rapida
61,5240,153,5993,9,rapida
62,5242,214,6056,17,normal
63,5266,183,6049,18,normal
64,5296,195,6091,4,rapida
65,5310,147,6057,10,rapida
66,5317,138,6055,3,rapida
67,5466,203,6269,35,normal
68,5525,209,6334,107,normal
69,5588,240,6428,20,normal
70,5610,202,6412,40,normal
71,5621,193,6414,27,normal
72,5636,217,6453,13,normal
73,5640,222,6462,19,normal
74,5743,192,6535,30,normal
75,5766,185,6551,20,normal
76,5851,187,6638,12,normal
77,5867,240,6707,81,normal
78,5908,221,6729,14,normal
79,5939,184,6723,8,rapida
80,5942,146,6688,1,rapida
81,6057,151,6808,6,rapida
82,6073,201,6874,20,normal
83,6079,235,6914,12,normal
84,6128,192,6920,11,normal
85,6154,157,6911,7,rapida
86,6191,207,6998,61,normal
87,6220,183,7003,30,normal
88,6220,234,7054,80,normal
89,6229,155,6984,9,rapida
90,6237,163,7000,2,rapida
91,6299,166,7065,4,rapida
92,6326,190,7116,16,normal
93,6369,191,7160,36,normal
94,6387,217,7204,35,normal
95,6431,136,7167,8,rapida
96,6453,125,7178,2,rapida
97,6473,161,7234,16,normal
98,6505,127,7232,7,rapida
99,6534,180,7314,9,rapida
100,6721,178,7499,48,normal
101,6730,144,7474,9,rapida
102,6732,169,7501,2,rapida
103,6768,226,7594,20,normal
104,6778,187,7565,23,normal
105,6784,167,7551,6,rapida
106,7200,269,8069,24,normal
107,7317,212,8129,42,normal
108,7323,150,8073,8,rapida
109,7324,130,8054,6,rapida
110,7435,167,8202,6,rapida
111,7439,150,8189,5,rapida
112,7613,124,8337,8,rapida
113,7626,171,8397,17,normal
114,7712,139,8451,7,rapida
115,7726,156,8482,20,normal
116,7757,247,8604,17,normal
117,7774,117,8491,4,rapida
118,7788,140,8528,2,rapida
119,7813,152,8565,6,rapida
120,7845,147,8592,10,rapida
121,7868,145,8613,3,rapida
122,7889,151,8640,6,rapida
123,7896,212,8708,49,normal
124,7914,162,8676,2,rapida
125,7991,204,8795,29,normal
126,7998,171,8769,10,rapida
127,8024,212,8836,21,normal
128,8082,171,8853,36,normal
129,8114,175,8889,1,rapida
130,8161,133,8894,3,rapida
131,8165,178,8943,2,rapida
132,8191,150,8941,9,rapida
133,8205,142,8947,5,rapida
134,8219,207,9026,39,normal
135,8291,188,9079,15,normal
136,8306,206,9112,39,normal
137,8332,198,9130,16,normal
138,8333,128,9061,2,rapida
139,8419,211,9230,21,normal
140,8464,201,9265,15,normal
141,8482,100,9182,3,rapida
142,8495,160,9255,3,rapida
143,8530,159,9289,4,rapida
144,8588,137,9325,7,rapida
145,8674,196,9470,58,normal
146,8718,138,9456,6,rapida
147,8739,146,9485,10,rapida
148,8788,142,9530,8,rapida
149,8830,133,9563,6,rapida
150,8851,186,9637,12,normal
151,8892,126,9618,8,rapida
152,8932,178,9710,8,rapida
153,8950,139,9689,4,rapida
154,8960,159,9719,6,rapida
155,8997,171,9768,55,normal
156,9002,168,9770,17,normal
157,9005,164,9769,6,rapida
158,9032,160,9792,9,rapida
159,9068,165,9833,6,rapida
160,9095,160,9855,4,rapida
161,9124,179,9903,11,normal
162,9160,135,9895,3,rapida
163,9232,143,9975,4,rapida
164,9276,224,10100,18,normal
165,9319,177,10096,8,rapida
166,9344,139,10083,9,rapida
167,9370,150,10120,2,rapida
168,9386,185,10171,31,normal
169,9415,162,10177,1,rapida
170,9419,193,10212,17,normal
171,9492,188,10280,7,rapida
172,9498,175,10273,10,rapida
173,9542,193,10335,14,normal
174,9607,198,10405,12,normal
175,9651,130,10381,3,rapida
176,9777,219,10596,27,normal
177,9777,158,10535,5,rapida
178,9788,155,10543,6,rapida
179,9852,201,10653,29,normal
180,9855,228,10683,27,normal
181,9862,179,10641,23,normal
182,9895,226,10721,29,normal
183,9915,243,10758,15,normal
184,9947,207,10754,22,normal
185,9969,143,10712,3,rapida
186,9994,150,10744,1,rapida
187,10002,135,10737,7,rapida
188,10026,146,10772,9,rapida
189,10038,183,10821,53,normal
190,10053,139,10792,10,rapida
191,10096,152,10848,10,rapida
192,10099,220,10919,13,normal
193,10099,142,10841,4,rapida
194,10139,208,10947,18,normal
195,10163,215,10978,19,normal
196,10228,229,11057,11,normal
197,10235,190,11025,8,rapida
198,10253,153,11006,1,rapida
199,10274,148,11022,2,rapida
200,10283,145,11028,2,rapida
201,10289,199,11088,68,normal
202,10332,142,11074,4,rapida
203,10334,195,11129,37,normal
204,10339,277,11216,22,normal
205,10355,124,11079,3,rapida
206,10403,169,11172,10,rapida
207,10413,220,11233,38,normal
208,10421,184,11205,8,rapida
209,10437,138,11175,6,rapida
210,10465,234,11299,76,normal
211,10478,228,11306,41,normal
212,10531,234,11365,23,normal
213,10586,177,11363,7,rapida
214,10603,215,11418,9,rapida
215,10702,216,11518,18,normal
216,10723,200,11523,1,rapida
217,10777,231,11608,24,normal
218,10800,193,11593,11,normal
219,10804,171,11575,49,normal
220,10809,182,11591,6,rapida
221,10809,126,11535,3,rapida
222,10831,126,11557,5,rapida
223,10833,187,11620,39,normal
224,10837,165,11602,3,rapida
225,10850,150,11600,1,rapida
226,10853,204,11657,29,normal
227,10858,109,11567,2,rapida
228,10864,201,11665,15,normal
229,10884,141,11625,9,rapida
230,10905,164,11669,5,rapida
231,10905,208,11713,40,normal
232,10914,192,11706,13,normal
233,10925,164,11689,11,normal
234,10933,198,11731,11,normal
235,10944,146,11690,2,rapida
236,10947,150,11697,10,rapida
237,10949,126,11675,6,rapida
238,10983,177,11760,22,normal
239,11001,140,11741,5,rapida
240,11005,207,11812,15,normal
241,11016,217,11833,35,normal
242,11023,198,11821,24,normal
243,11036,182,11818,17,normal
244,11038,165,11803,9,rapida
245,11055,209,11864,11,normal
246,11080,279,11959,24,normal
247,11088,139,11827,2,rapida
248,11092,180,11872,3,rapida
249,11102,151,11853,8,rapida
250,11112,160,11872,1,rapida
251,11120,220,11940,13,normal
252,11127,222,11949,25,normal
253,11133,196,11929,18,normal
254,11136,189,11925,20,normal
255,11169,234,12003,14,normal
256,11173,157,11930,13,normal
257,11177,164,11941,9,rapida
258,11182,163,11945,2,rapida
259,11192,129,11921,3,rapida
260,11203,191,11994,28,normal
261,11206,132,11938,9,rapida
262,11223,109,11932,3,rapida
263,11230,143,11973,10,rapida
264,11237,250,12087,25,normal
265,11253,131,11984,3,rapida
266,11322,205,12127,39,normal
267,11330,139,12069,6,rapida
268,11333,173,12106,29,normal
269,11337,218,12155,24,normal
270,11355,198,12153,18,normal
271,11360,169,12129,20,normal
272,11386,213,12199,18,normal
273,11392,209,12201,75,normal
274,11408,145,12153,1,rapida
275,11419,208,12227,26,normal
276,11423,219,12242,32,normal
277,11424,181,12205,29,normal
278,11464,154,12218,3,rapida
279,11483,147,12230,7,rapida
280,11485,215,12300,30,normal
281,11488,211,12299,21,normal
282,11555,146,12301,2,rapida
283,11559,158,12317,5,rapida
284,11576,234,12410,44,normal
285,11577,191,12368,13,normal
286,11584,239,12423,39,normal
287,11613,149,12362,9,rapida
288,11613,171,12384,2,rapida
289,11619,227,12446,29,normal
290,11625,149,12374,8,rapida
291,11647,204,12451,15,normal
292,11667,188,12455,3,rapida
293,11689,128,12417,3,rapida
294,11706,142,12448,7,rapida
295,11726,136,12462,4,rapida
296,11728,208,12536,15,normal
297,11744,159,12503,12,normal
298,11791,154,12545,2,rapida
299,11804,128,12532,1,rapida
300,11810,172,12582,8,rapida
301,11816,120,12536,4,rapida
302,11860,207,12667,32,normal
303,11953,132,12685,2,rapida
304,11954,225,12779,24,normal
305,11963,201,12764,32,normal
306,11965,234,12799,11,normal
307,11987,218,12805,40,normal
308,12002,260,12862,20,normal
309,12013,192,12805,20,normal
310,12014,121,12735,6,rapida
311,12022,145,12767,10,rapida
312,12032,223,12855,29,normal
313,12035,177,12812,43,normal
314,12053,203,12856,28,normal
315,12068,154,12822,9,rapida
316,12077,220,12897,31,normal
317,12089,117,12806,4,rapida
318,12098,224,12922,60,normal
319,12099,141,12840,7,rapida
320,12119,175,12894,8,rapida
321,12136,199,12935,19,normal
322,12138,183,12921,8,rapida
323,12157,167,12924,3,rapida
324,12176,237,13013,15,normal
325,12195,243,13038,13,normal
326,12223,103,12926,3,rapida
327,12263,151,13014,3,rapida
328,12270,178,13048,2,rapida
329,12298,192,13090,25,normal
330,12305,139,13044,9,rapida
331,12323,204,13127,47,normal
332,12354,124,13078,9,rapida
333,12359,201,13160,45,normal
334,12359,176,13135,3,rapida
335,12362,180,13142,5,rapida
336,12398,196,13194,19,normal
337,12401,241,13242,18,normal
338,12436,241,13277,44,normal
339,12439,149,13188,5,rapida
340,12449,124,13173,1,rapida
341,12462,115,13177,8,rapida
342,12465,202,13267,41,normal
343,12475,223,13298,43,normal
344,12476,157,13233,4,rapida
345,12484,136,13220,6,rapida
346,12495,233,13328,19,normal
347,12499,148,13247,9,rapida
348,12516,213,13329,22,normal
349,12519,200,13319,17,normal
350,12539,191,13330,52,normal
351,12561,145,13306,3,rapida
352,12578,225,13403,11,normal
353,12606,131,13337,9,rapida
354,12606,114,13320,4,rapida
355,12639,179,13418,32,normal
356,12642,201,13443,30,normal
357,12657,140,13397,9,rapida
358,12715,197,13512,18,normal
359,12724,152,13476,6,rapida
360,12737,153,13490,4,rapida
361,12740,134,13474,10,rapida
362,12798,178,13576,13,normal
363,12802,205,13607,18,normal
364,12826,179,13605,2,rapida
365,12866,203,13669,49,normal
366,12892,126,13618,3,rapida
367,12910,100,13610,1,rapida
368,12924,172,13696,10,rapida
369,12926,186,13712,34,normal
370,12982,152,13734,1,rapida
371,12999,140,13739,9,rapida
372,13012,160,13772,2,rapida
373,13015,240,13855,31,normal
374,13028,225,13853,28,normal
375,13041,144,13785,4,rapida
376,13099,120,13819,3,rapida
377,13112,121,13833,9,rapida
378,13126,208,13934,29,normal
379,13128,229,13957,12,normal
380,13133,236,13969,40,normal
381,13155,241,13996,25,normal
382,13155,125,13880,4,rapida
383,13188,143,13931,8,rapida
384,13221,192,14013,73,normal
385,13226,229,14055,24,normal
386,13244,137,13981,4,rapida
387,13285,172,14057,10,rapida
388,13296,136,14032,4,rapida
389,13305,203,14108,22,normal
390,13315,212,14127,32,normal
391,13331,135,14066,5,rapida
392,13337,132,14069,1,rapida
393,13345,193,14138,13,normal
394,13362,207,14169,17,normal
395,13369,230,14199,13,normal
396,13372,131,14103,6,rapida
397,13385,249,14234,16,normal
398,13424,131,14155,10,rapida
399,13443,122,14165,1,rapida
400,13445,205,14250,36,normal
401,13450,187,14237,44,normal
402,13459,253,14312,51,normal
403,13519,191,14310,94,normal
404,13583,153,14336,4,rapida
405,13640,171,14411,14,normal
406,13654,195,14449,17,normal
407,13660,146,14406,3,rapida
408,13668,145,14413,1,rapida
409,13698,160,14458,15,normal
410,13715,116,14431,8,rapida
411,13734,234,14568,18,normal
412,13737,158,14495,9,rapida
413,13749,160,14509,6,rapida
414,13754,187,14541,1,rapida
415,13756,159,14515,4,rapida
416,13762,168,14530,17,normal
417,13779,190,14569,15,normal
418,13805,182,14587,17,normal
419,13805,210,14615,18,normal
420,13818,249,14667,50,normal
421,13829,219,14648,17,normal
422,13846,193,14639,4,rapida
423,13848,179,14627,28,normal
424,13851,265,14716,11,normal
425,13891,134,14625,7,rapida
426,13895,216,14711,71,normal
427,13903,231,14734,23,normal
428,13911,188,14699,9,rapida
429,13917,175,14692,11,normal
430,13938,160,14698,7,rapida
431,13957,157,14714,6,rapida
432,13968,144,14712,3,rapida
433,13973,140,14713,5,rapida
434,13983,258,14841,17,normal
435,13997,135,14732,1,rapida
436,14002,189,14791,6,rapida
437,14400,144,15144,10,rapida
438,14420,199,15219,34,normal
439,14450,173,15223,73,normal
440,14492,160,15252,8,rapida
441,14532,213,15345,12,normal
442,14540,231,15371,18,normal
443,14553,165,15318,10,rapida
444,14563,222,15385,14,normal
445,14572,165,15337,8,rapida
446,14581,153,15334,1,rapida
447,14593,222,15415,22,normal
448,14627,188,15415,1,rapida
449,14643,220,15463,11,normal
450,14645,158,15403,2,rapida
451,14674,211,15485,22,normal
452,14688,135,15423,7,rapida
453,14708,174,15482,29,normal
454,14723,141,15464,1,rapida
455,14740,203,15543,49,normal
456,14757,200,15557,14,normal
457,14758,241,15599,25,normal
458,14777,117,15494,2,rapida
459,14782,234,15616,13,normal
460,14788,197,15585,12,normal
461,14800,155,15555,1,rapida
462,14847,227,15674,11,normal
463,14850,206,15656,18,normal
464,14861,171,15632,14,normal
465,14870,162,15632,2,rapida
466,14898,159,15657,11,normal
467,14906,164,15670,3,rapida
468,14921,160,15681,5,rapida
469,14924,223,15747,29,normal
470,14957,144,15701,10,rapida
471,14958,148,15706,4,rapida
472,14977,148,15725,9,rapida
473,14992,172,15764,8,rapida
474,15009,111,15720,1,rapida
475,15010,138,15748,10,rapida
476,15018,184,15802,40,normal
477,15045,184,15829,25,normal
478,15099,127,15826,6,rapida
479,15109,192,15901,63,normal
480,15134,200,15934,2,rapida
481,15147,224,15971,17,normal
482,15158,177,15935,7,rapida
483,15165,139,15904,4,rapida
484,15177,120,15897,6,rapida
485,15200,235,16035,30,normal
486,15224,234,16058,16,normal
487,15226,169,15995,38,normal
488,15232,191,16023,23,normal
489,15235,125,15960,4,rapida
490,15247,172,16019,5,rapida
491,15255,187,16042,16,normal
492,15272,224,16096,24,normal
493,15289,117,16006,6,rapida
494,15289,149,16038,1,rapida
495,15301,167,16068,1,rapida
496,15336,171,16107,39,normal
497,15342,191,16133,20,normal
498,15348,123,16071,6,rapida
499,15378,148,16126,9,rapida
500,15403,139,16142,7,rapida
501,15406,204,16210,22,normal
502,15430,226,16256,23,normal
503,15434,209,16243,16,normal
504,15440,216,16256,12,normal
505,15443,137,16180,5,rapida
506,15445,204,16249,26,normal
507,15458,232,16290,24,normal
508,15459,234,16293,39,normal
509,15473,220,16293,11,normal
510,15486,234,16320,27,normal
511,15496,276,16372,12,normal
512,15503,133,16236,2,rapida
513,15508,169,16277,7,rapida
514,15511,183,16294,1,rapida
515,15553,226,16379,19,normal
516,15562,207,16369,12,normal
517,15571,216,16387,19,normal
518,15574,237,16411,19,normal
519,15613,143,16356,5,rapida
520,15618,198,16416,19,normal
521,15633,180,16413,25,normal
522,15652,157,16409,3,rapida
523,15665,197,16462,18,normal
524,15666,216,16482,18,normal
525,15688,149,16437,1,rapida
526,15694,113,16407,5,rapida
527,15719,206,16525,37,normal
528,15730,142,16472,9,rapida
529,15749,187,16536,20,normal
530,15785,110,16495,2,rapida
531,15807,138,16545,6,rapida
532,15827,212,16639,13,normal
533,15850,148,16598,7,rapida
534,15854,165,16619,4,rapida
535,15880,154,16634,5,rapida
536,15889,170,16659,4,rapida
537,15898,243,16741,26,normal
538,15910,130,16640,3,rapida
539,15918,219,16737,28,normal
540,15921,183,16704,15,normal
541,15933,223,16756,13,normal
542,15941,202,16743,17,normal
543,15950,179,16729,2,rapida
544,15960,183,16743,6,rapida
545,15969,109,16678,10,rapida
546,16009,263,16872,46,normal
547,16047,116,16763,6,rapida
548,16059,221,16880,32,normal
549,16071,147,16818,6,rapida
550,16071,136,16807,8,rapida
551,16077,139,16816,4,rapida
552,16100,154,16854,10,rapida
553,16107,194,16901,14,normal
554,16138,171,16909,10,rapida
555,16167,225,16992,11,normal
556,16172,129,16901,1,rapida
557,16186,175,16961,8,rapida
558,16229,133,16962,1,rapida
559,16230,205,17035,1,rapida
560,16237,214,17051,13,normal
561,16238,240,17078,21,normal
562,16242,180,17022,4,rapida
563,16296,135,17031,4,rapida
564,16304,197,17101,26,normal
565,16304,221,17125,11,normal
566,16307,174,17081,24,normal
567,16308,211,17119,20,normal
568,16321,183,17104,32,normal
569,16339,213,17152,26,normal
570,16366,218,17184,45,normal
571,16388,121,17109,8,rapida
572,16389,220,17209,20,normal
573,16406,197,17203,11,normal
574,16416,135,17151,2,rapida
575,16446,132,17178,3,rapida
576,16470,162,17232,10,rapida
577,16530,211,17341,18,normal
578,16534,109,17243,2,rapida
579,16536,237,17373,29,normal
580,16543,252,17395,71,normal
581,16553,212,17365,20,normal
582,16558,237,17395,18,normal
583,16562,189,17351,20,normal
584,16578,116,17294,8,rapida
585,16584,200,17384,19,normal
586,16589,161,17350,4,rapida
587,16590,131,17321,3,rapida
588,16590,215,17405,14,normal
589,16629,207,17436,38,normal
590,16666,204,17470,19,normal
591,16691,234,17525,13,normal
592,16711,138,17449,8,rapida
593,16717,186,17503,29,normal
594,16737,167,17504,9,rapida
595,16740,188,17528,22,normal
596,16752,180,17532,11,normal
597,16756,172,17528,8,rapida
598,16777,216,17593,58,normal
599,16823,202,17625,43,normal
600,16826,178,17604,1,rapida
601,16832,231,17663,20,normal
602,16844,165,17609,2,rapida
603,16845,214,17659,13,normal
604,16845,196,17641,20,normal
605,16890,193,17683,31,normal
606,16906,144,17650,8,rapida
607,16911,142,17653,5,rapida
608,16922,159,17681,18,normal
609,16929,205,17734,21,normal
610,16942,139,17681,3,rapida
611,16948,123,17671,5,rapida
612,16959,183,17742,22,normal
613,16981,235,17816,20,normal
614,17002,200,17802,30,normal
615,17045,176,17821,16,normal
616,17062,240,17902,11,normal
617,17074,129,17803,9,rapida
618,17121,205,17926,35,normal
619,17130,223,17953,29,normal
620,17156,196,17952,20,normal
621,17171,242,18013,24,normal
622,17182,190,17972,13,normal
623,17208,174,17982,9,rapida
624,17215,202,18017,16,normal
625,17241,170,18011,17,normal
626,17246,133,17979,5,rapida
627,17249,241,18090,30,normal
628,17274,123,17997,10,rapida
629,17310,177,18087,5,rapida
630,17318,118,18036,6,rapida
631,17343,153,18096,10,rapida
632,17361,105,18066,1,rapida
633,17416,190,18206,10,rapida
634,17433,194,18227,40,normal
635,17468,187,18255,7,rapida
636,17474,125,18199,7,rapida
637,17475,146,18221,3,rapida
638,17504,127,18231,4,rapida
639,17505,127,18232,1,rapida
640,17529,139,18268,3,rapida
641,17531,216,18347,31,normal
642,17547,220,18367,61,normal
643,17603,236,18439,16,normal
644,17625,214,18439,14,normal
645,17634,207,18441,21,normal
646,17652,162,18414,3,rapida
647,17659,233,18492,16,normal
648,17733,219,18552,31,normal
649,17737,162,18499,9,rapida
650,17748,203,18551,22,normal
651,17768,242,18610,15,normal
652,17785,221,18606,19,normal
653,17804,181,18585,39,normal
654,17810,248,18658,32,normal
655,17819,159,18578,7,rapida
656,18000,196,18796,15,normal
657,18025,236,18861,27,normal
658,18048,144,18792,3,rapida
659,18063,164,18827,5,rapida
660,18097,177,18874,55,normal
661,18123,233,18956,25,normal
662,18146,182,18928,20,normal
663,18146,214,18960,16,normal
664,18161,123,18884,5,rapida
665,18174,220,18994,22,normal
666,18212,204,19016,33,normal
667,18219,210,19029,17,normal
668,18219,186,19005,15,normal
669,18251,153,19004,3,rapida
670,18266,148,19014,5,rapida
671,18270,142,19012,6,rapida
672,18275,230,19105,12,normal
673,18294,154,19048,3,rapida
674,18312,108,19020,5,rapida
675,18343,215,19158,18,normal
676,18351,128,19079,2,rapida
677,18356,190,19146,28,normal
678,18369,216,19185,15,normal
679,18379,160,19139,1,rapida
680,18386,148,19134,8,rapida
681,18421,217,19238,21,normal
682,18483,117,19200,8,rapida
683,18509,147,19256,6,rapida
684,18517,211,19328,12,normal
685,18532,136,19268,9,rapida
686,18544,175,19319,4,rapida
687,18567,159,19326,15,normal
688,18587,124,19311,1,rapida
689,18594,125,19319,5,rapida
690,18597,200,19397,39,normal
691,18611,229,19440,21,normal
692,18617,157,19374,2,rapida
693,18618,222,19440,41,normal
694,18623,221,19444,18,normal
695,18624,144,19368,9,rapida
696,18633,215,19448,16,normal
697,18699,232,19531,31,normal
698,18706,143,19449,4,rapida
699,18713,196,19509,13,normal
700,18722,191,19513,32,normal
701,18759,205,19564,1,rapida
702,18824,163,19587,8,rapida
703,18871,255,19726,12,normal
704,18897,193,19690,44,normal
705,18900,141,19641,7,rapida
706,18926,115,19641,3,rapida
707,18928,181,19709,29,normal
708,18929,203,19732,19,normal
709,18940,211,19751,17,normal
710,18950,139,19689,4,rapida
711,18959,233,19792,12,normal
712,18965,122,19687,8,rapida
713,18981,201,19782,25,normal
714,18993,200,19793,13,normal
715,19015,129,19744,5,rapida
716,19039,209,19848,34,normal
717,19053,197,19850,21,normal
718,19058,177,19835,21,normal
719,19063,182,19845,11,normal
720,19069,240,19909,27,normal
721,19084,226,19910,26,normal
722,19104,208,19912,36,normal
723,19109,129,19838,7,rapida
724,19143,222,19965,20,normal
725,19151,227,19978,31,normal
726,19205,195,20000,18,normal
727,19216,186,20002,50,normal
728,19240,237,20077,23,normal
729,19241,163,20004,40,normal
730,19245,222,20067,14,normal
731,19252,173,20025,5,rapida
732,19254,213,20067,17,normal
733,19261,234,20095,28,normal
734,19268,119,19987,6,rapida
735,19298,223,20121,19,normal
736,19316,170,20086,2,rapida
737,19342,222,20164,21,normal
738,19397,158,20155,8,rapida
739,19418,188,20206,13,normal
740,19421,158,20179,4,rapida
741,19428,128,20156,4,rapida
742,19442,166,20208,1,rapida
743,19477,93,20170,6,rapida
744,19477,126,20203,8,rapida
745,19495,228,20323,24,normal
746,19496,184,20280,1,rapida
747,19501,173,20274,1,rapida
748,19502,189,20291,7,rapida
749,19506,219,20325,39,normal
750,19528,149,20277,3,rapida
751,19535,191,20326,22,normal
752,19538,214,20352,51,normal
753,19541,144,20285,6,rapida
754,19543,139,20282,6,rapida
755,19564,184,20348,29,normal
756,19574,205,20379,63,normal
757,19589,268,20457,72,normal
758,19590,204,20394,1,rapida
759,19601,162,20363,7,rapida
760,19601,123,20324,10,rapida
761,19631,180,20411,2,rapida
762,19649,144,20393,6,rapida
763,19658,100,20358,8,rapida
764,19658,187,20445,11,normal
765,19661,177,20438,28,normal
766,19662,132,20394,8,rapida
767,19670,173,20443,2,rapida
768,19686,182,20468,56,normal
769,19700,158,20458,6,rapida
770,19741,163,20504,3,rapida
771,19750,180,20530,5,rapida
772,19783,112,20495,10,rapida
773,19790,132,20522,9,rapida
774,19807,149,20556,4,rapida
775,19815,205,20620,12,normal
776,19829,174,20603,4,rapida
777,19839,225,20664,13,normal
778,19843,126,20569,6,rapida
779,19857,210,20667,13,normal
780,19876,140,20616,8,rapida
781,19897,148,20645,4,rapida
782,19910,131,20641,3,rapida
783,19910,147,20657,7,rapida
784,19925,144,20669,1,rapida
785,19927,179,20706,13,normal
786,19939,136,20675,5,rapida
787,19952,166,20718,9,rapida
788,19953,161,20714,4,rapida
789,19963,167,20730,2,rapida
790,19964,225,20789,14,normal
791,19964,170,20734,3,rapida
792,19965,187,20752,3,rapida
793,19974,168,20742,14,normal
794,19982,117,20699,5,rapida
795,19988,119,20707,4,rapida
796,20006,164,20770,9,rapida
797,20013,181,20794,13,normal
798,20029,196,20825,12,normal
799,20050,236,20886,17,normal
800,20119,211,20930,16,normal
801,20128,138,20866,1,rapida
802,20158,135,20893,8,rapida
803,20171,132,20903,4,rapida
804,20185,168,20953,1,rapida
805,20194,212,21006,22,normal
806,20206,202,21008,4,rapida
807,20214,179,20993,14,normal
808,20240,198,21038,29,normal
809,20244,231,21075,15,normal
810,20245,170,21015,5,rapida
811,20250,217,21067,17,normal
812,20255,137,20992,5,rapida
813,20260,167,21027,1,rapida
814,20269,118,20987,2,rapida
815,20274,97,20971,6,rapida
816,20283,143,21026,3,rapida
817,20288,226,21114,34,normal
818,20304,208,21112,24,normal
819,20372,112,21084,1,rapida
820,20384,138,21122,1,rapida
821,20390,232,21222,27,normal
822,20441,179,21220,14,normal
823,20454,152,21206,6,rapida
824,20463,204,21267,85,normal
825,20472,209,21281,1,rapida
826,20484,221,21305,12,normal
827,20489,177,21266,7,rapida
828,20490,113,21203,3,rapida
829,20491,173,21264,35,normal
830,20543,155,21298,18,normal
831,20554,114,21268,1,rapida
832,20559,131,21290,6,rapida
833,20570,193,21363,6,rapida
834,20580,114,21294,1,rapida
835,20581,255,21436,26,normal
836,20606,211,21417,12,normal
837,20614,132,21346,3,rapida
838,20625,171,21396,22,normal
839,20663,132,21395,3,rapida
840,20665,157,21422,4,rapida
841,20669,168,21437,4,rapida
842,20683,211,21494,18,normal
843,20707,162,21469,1,rapida
844,20712,181,21493,44,normal
845,20717,154,21471,5,rapida
846,20736,188,21524,30,normal
847,20800,117,21517,4,rapida
848,20811,150,21561,2,rapida
849,20814,181,21595,4,rapida
850,20817,191,21608,3,rapida
851,20825,237,21662,32,normal
852,20848,156,21604,7,rapida
853,20935,113,21648,5,rapida
854,20943,196,21739,11,normal
855,20954,157,21711,8,rapida
856,20998,144,21742,4,rapida
857,21012,115,21727,1,rapida
858,21025,196,21821,106,normal
859,21062,181,21843,39,normal
860,21074,125,21799,9,rapida
861,21076,128,21804,8,rapida
862,21108,164,21872,4,rapida
863,21108,189,21897,10,rapida
864,21135,201,21936,16,normal
865,21145,213,21958,26,normal
866,21152,196,21948,35,normal
867,21159,160,21919,9,rapida
868,21168,264,22032,21,normal
869,21174,165,21939,5,rapida
870,21190,146,21936,2,rapida
871,21196,185,21981,13,normal
872,21207,135,21942,2,rapida
873,21207,185,21992,32,normal
874,21217,161,21978,3,rapida
875,21223,154,21977,9,rapida
876,21248,200,22048,26,normal
877,21255,130,21985,7,rapida
878,21277,152,22029,6,rapida
879,21297,260,22157,29,normal
880,21317,147,22064,3,rapida
881,21324,140,22064,4,rapida
882,21335,226,22161,48,normal
883,21351,196,22147,88,normal
884,21362,190,22152,15,normal
885,21370,196,22166,48,normal
886,21373,185,22158,17,normal
887,21383,199,22182,16,normal
888,21384,204,22188,27,normal
889,21386,134,22120,10,rapida
890,21406,156,22162,9,rapida
891,21419,135,22154,6,rapida
892,21439,225,22264,14,normal
893,21443,202,22245,10,rapida
894,21471,219,22290,75,normal
895,21472,199,22271,16,normal
896,21474,159,22233,4,rapida
897,21501,246,22347,46,normal
898,21513,193,22306,248,normal
899,21533,157,22290,7,rapida
900,21546,176,22322,32,normal
901,21551,143,22294,4,rapida
902,21553,138,22291,5,rapida
903,21554,109,22263,5,rapida
904,21600,214,22414,22,normal
905,21601,131,22332,1,rapida
906,21601,113,22314,3,rapida
907,21644,112,22356,5,rapida
908,21658,122,22380,9,rapida
909,21674,178,22452,10,rapida
910,21690,177,22467,3,rapida
911,21711,131,22442,5,rapida
912,21715,234,22549,27,normal
913,21715,207,22522,62,normal
914,21721,117,22438,4,rapida
915,21741,137,22478,1,rapida
916,21743,164,22507,1,rapida
917,21777,171,22548,4,rapida
918,21787,180,22567,53,normal
919,21790,212,22602,34,normal
920,21804,215,22619,26,normal
921,21823,152,22575,10,rapida
922,21844,156,22600,2,rapida
923,21881,217,22698,28,normal
924,21886,154,22640,4,rapida
925,21895,212,22707,11,normal
926,21897,114,22611,3,rapida
927,21898,238,22736,18,normal
928,21909,119,22628,9,rapida
929,21915,191,22706,2,rapida
930,21943,184,22727,21,normal
931,21944,152,22696,3,rapida
932,21948,149,22697,42,normal
933,21949,105,22654,6,rapida
934,21961,157,22718,2,rapida
935,21966,127,22693,1,rapida
936,21968,168,22736,30,normal
937,21976,180,22756,48,normal
938,21980,229,22809,16,normal
939,21984,201,22785,25,normal
940,21997,248,22845,13,normal
941,22013,174,22787,7,rapida
942,22042,170,22812,6,rapida
943,22051,162,22813,2,rapida
944,22065,152,22817,1,rapida
945,22074,183,22857,14,normal
946,22079,180,22859,5,rapida
947,22095,248,22943,21,normal
948,22102,184,22886,9,rapida
949,22112,188,22900,32,normal
950,22125,127,22852,1,rapida
951,22127,162,22889,8,rapida
952,22127,134,22861,7,rapida
953,22176,204,22980,25,normal
954,22191,125,22916,4,rapida
955,22203,184,22987,2,rapida
956,22208,172,22980,14,normal
957,22223,243,23066,23,normal
958,22227,207,23034,20,normal
959,22245,266,23111,18,normal
960,22261,236,23097,19,normal
961,22275,166,23041,2,rapida
962,22292,203,23095,15,normal
963,22298,191,23089,16,normal
964,22305,153,23058,3,rapida
965,22324,231,23155,17,normal
966,22335,209,23144,11,normal
967,22372,129,23101,6,rapida
968,22395,184,23179,8,rapida
969,22410,215,23225,7,rapida
970,22415,127,23142,7,rapida
971,22435,190,23225,13,normal
972,22440,122,23162,4,rapida
973,22451,147,23198,6,rapida
974,22452,164,23216,3,rapida
975,22459,140,23199,10,rapida
976,22466,211,23277,31,normal
977,22473,265,23338,8,rapida
978,22499,151,23250,1,rapida
979,22530,134,23264,7,rapida
980,22547,137,23284,10,rapida
981,22570,195,23365,1,rapida
982,22575,165,23340,16,normal
983,22578,145,23323,3,rapida
984,22598,182,23380,7,rapida
985,22601,112,23313,8,rapida
986,22603,218,23421,28,normal
987,22616,174,23390,5,rapida
988,22623,130,23353,10,rapida
989,22628,167,23395,8,rapida
990,22630,223,23453,27,normal
991,22646,182,23428,19,normal
992,22654,130,23384,3,rapida
993,22685,239,23524,39,normal
994,22706,233,23539,11,normal
995,22714,138,23452,1,rapida
996,22715,124,23439,6,rapida
997,22728,216,23544,21,normal
998,22739,167,23506,2,rapida
999,22739,187,23526,39,normal
1000,22758,171,23529,5,rapida
1001,22760,131,23491,5,rapida
1002,22793,224,23617,14,normal
1003,22804,200,23604,23,normal
1004,22809,116,23525,10,rapida
1005,22824,213,23637,20,normal
1006,22838,227,23665,12,normal
1007,22852,177,23629,11,normal
1008,22880,171,23651,82,normal
1009,22897,182,23679,1,rapida
1010,22901,133,23634,6,rapida
1011,22910,144,23654,1,rapida
1012,22953,197,23750,33,normal
1013,22957,127,23684,5,rapida
1014,22976,165,23741,8,rapida
1015,23005,259,23864,11,normal
1016,23025,267,23892,14,normal
1017,23039,165,23804,5,rapida
1018,23054,217,23871,30,normal
1019,23075,187,23862,10,rapida
1020,23080,175,23855,3,rapida
1021,23092,173,23865,6,rapida
1022,23165,146,23911,9,rapida
1023,23184,233,24017,17,normal
1024,23198,143,23941,10,rapida
1025,23206,208,24014,19,normal
1026,23210,164,23974,3,rapida
1027,23226,211,24037,14,normal
1028,23243,204,24047,12,normal
1029,23254,237,24091,16,normal
1030,23352,249,24201,34,normal
1031,23357,210,24167,14,normal
1032,23360,145,24105,7,rapida
1033,23368,176,24144,5,rapida
1034,23380,126,24106,1,rapida
1035,23384,111,24095,7,rapida
1036,23399,161,24160,8,rapida
1037,23417,211,24228,26,normal
1038,23441,205,24246,39,normal
1039,23447,250,24297,15,normal
1040,23487,136,24223,4,rapida
1041,23510,123,24233,5,rapida
1042,23514,230,24344,18,normal
1043,23518,206,24324,6,rapida
1044,23527,186,24313,20,normal
1045,23544,148,24292,2,rapida
1046,23564,119,24283,2,rapida
1047,23587,133,24320,5,rapida
1048,23657,141,24398,9,rapida
1049,23667,160,24427,8,rapida
1050,23732,133,24465,4,rapida
1051,23757,144,24501,4,rapida
1052,23760,258,24618,16,normal
1053,23775,154,24529,5,rapida
1054,23785,159,24544,6,rapida
1055,23795,146,24541,8,rapida
1056,23801,159,24560,11,normal
1057,23815,246,24661,14,normal
1058,23848,194,24642,3,rapida
1059,23855,165,24620,10,rapida
1060,23878,163,24641,8,rapida
1061,23904,234,24738,11,normal
1062,23944,162,24706,6,rapida
1063,23948,210,24758,77,normal
1064,23960,176,24736,5,rapida
1065,23966,210,24776,13,normal
1066,23979,153,24732,10,rapida
1067,23993,206,24799,14,normal
1068,23995,126,24721,5,rapida
1069,24010,187,24797,43,normal
1070,24082,158,24840,3,rapida
1071,24102,255,24957,14,normal
1072,24104,161,24865,3,rapida
1073,24108,181,24889,5,rapida
1074,24119,124,24843,9,rapida
1075,24123,209,24932,37,normal
1076,24161,128,24889,9,rapida
1077,24162,187,24949,16,normal
1078,24183,253,25036,14,normal
1079,24183,220,25003,13,normal
1080,24195,149,24944,6,rapida
1081,24198,163,24961,2,rapida
1082,24222,121,24943,8,rapida
1083,24254,124,24978,10,rapida
1084,24272,169,25041,5,rapida
1085,24305,121,25026,3,rapida
1086,24305,129,25034,3,rapida
1087,24320,222,25142,14,normal
1088,24340,261,25201,13,normal
1089,24362,225,25187,17,normal
1090,24381,195,25176,17,normal
1091,24404,171,25175,4,rapida
1092,24418,163,25181,2,rapida
1093,24420,225,25245,11,normal
1094,24426,189,25215,14,normal
1095,24464,134,25198,3,rapida
1096,24498,199,25297,23,normal
1097,24518,160,25278,10,rapida
1098,24542,155,25297,8,rapida
1099,24573,217,25390,13,normal
1100,24593,145,25338,8,rapida
1101,24630,233,25463,42,normal
1102,24666,196,25462,17,normal
1103,24672,205,25477,18,normal
1104,24679,205,25484,15,normal
1105,24686,238,25524,13,normal
1106,24693,139,25432,3,rapida
1107,24705,210,25515,77,normal
1108,24722,159,25481,6,rapida
1109,24738,258,25596,17,normal
1110,24751,199,25550,35,normal
1111,24769,197,25566,36,normal
1112,24788,123,25511,3,rapida
1113,25200,246,26046,26,normal
1114,25208,223,26031,12,normal
1115,25241,158,25999,8,rapida
1116,25252,277,26129,21,normal
1117,25269,245,26114,23,normal
1118,25308,181,26089,12,normal
1119,25335,209,26144,76,normal
1120,25336,217,26153,21,normal
1121,25346,152,26098,6,rapida
1122,25358,215,26173,18,normal
1123,25381,154,26135,9,rapida
1124,25405,128,26133,7,rapida
1125,25414,206,26220,21,normal
1126,25422,214,26236,11,normal
1127,25425,216,26241,14,normal
1128,25429,196,26225,14,normal
1129,25451,182,26233,1,rapida
1130,25471,237,26308,16,normal
1131,25484,254,26338,13,normal
1132,25499,228,26327,11,normal
1133,25541,219,26360,16,normal
1134,25543,134,26277,10,rapida
1135,25560,137,26297,2,rapida
1136,25599,144,26343,1,rapida
1137,25606,208,26414,12,normal
1138,25629,163,26392,7,rapida
1139,25637,153,26390,8,rapida
1140,25679,115,26394,7,rapida
1141,25679,148,26427,2,rapida
1142,25683,216,26499,23,normal
1143,25693,219,26512,12,normal
1144,25716,187,26503,24,normal
1145,25721,150,26471,8,rapida
1146,25726,182,26508,3,rapida
1147,25747,141,26488,5,rapida
1148,25757,160,26517,8,rapida
1149,25778,223,26601,3,rapida
1150,25792,235,26627,32,normal
1151,25794,177,26571,3,rapida
1152,25803,127,26530,5,rapida
1153,25822,200,26622,42,normal
1154,25849,247,26696,18,normal
1155,25853,166,26619,5,rapida
1156,25872,145,26617,12,normal
1157,25872,158,26630,6,rapida
1158,25879,140,26619,2,rapida
1159,25885,213,26698,11,normal
1160,25927,166,26693,1,rapida
1161,25928,126,26654,9,rapida
1162,25963,236,26799,96,normal
1163,25968,134,26702,3,rapida
1164,25976,227,26803,13,normal
1165,25982,182,26764,40,normal
1166,26012,245,26857,26,normal
1167,26017,144,26761,5,rapida
1168,26067,139,26806,4,rapida
1169,26095,193,26888,17,normal
1170,26106,199,26905,26,normal
1171,26109,200,26909,61,normal
1172,26123,163,26886,4,rapida
1173,26132,147,26879,1,rapida
1174,26151,174,26925,13,normal
1175,26173,137,26910,1,rapida
1176,26253,176,27029,3,rapida
1177,26259,215,27074,14,normal
1178,26282,162,27044,3,rapida
1179,26289,118,27007,9,rapida
1180,26292,118,27010,6,rapida
1181,26304,137,27041,3,rapida
1182,26309,120,27029,1,rapida
1183,26309,237,27146,11,normal
1184,26310,247,27157,32,normal
1185,26312,172,27084,5,rapida
1186,26316,135,27051,3,rapida
1187,26351,206,27157,22,normal
1188,26362,210,27172,27,normal
1189,26368,229,27197,20,normal
1190,26387,160,27147,2,rapida
1191,26398,206,27204,24,normal
1192,26411,240,27251,25,normal
1193,26419,201,27220,8,rapida
1194,26422,166,27188,1,rapida
1195,26432,208,27240,13,normal
1196,26441,109,27150,9,rapida
1197,26465,136,27201,2,rapida
1198,26476,190,27266,42,normal
1199,26480,215,27295,33,normal
1200,26484,143,27227,7,rapida
1201,26547,154,27301,8,rapida
1202,26547,170,27317,8,rapida
1203,26580,208,27388,8,rapida
1204,26594,178,27372,103,normal
1205,26611,190,27401,6,rapida
1206,26636,147,27383,8,rapida
1207,26652,215,27467,64,normal
1208,26659,147,27406,1,rapida
1209,26705,187,27492,2,rapida
1210,26728,219,27547,34,normal
1211,26733,148,27481,1,rapida
1212,26771,135,27506,2,rapida
1213,26771,193,27564,13,normal
1214,26819,218,27637,41,normal
1215,26838,172,27610,6,rapida
1216,26838,156,27594,9,rapida
1217,26859,118,27577,6,rapida
1218,26866,203,27669,16,normal
1219,26871,192,27663,37,normal
1220,26889,141,27630,3,rapida
1221,26902,121,27623,1,rapida
1222,26930,175,27705,20,normal
1223,26930,99,27629,6,rapida
1224,26950,195,27745,2,rapida
1225,26966,180,27746,18,normal
1226,26989,251,27840,24,normal
1227,26995,151,27746,10,rapida
1228,27051,142,27793,1,rapida
1229,27069,137,27806,4,rapida
1230,27078,203,27881,12,normal
1231,27085,219,27904,15,normal
1232,27108,148,27856,1,rapida
1233,27148,205,27953,12,normal
1234,27159,137,27896,5,rapida
1235,27204,127,27931,3,rapida
1236,27207,138,27945,1,rapida
1237,27223,251,28074,17,normal
1238,27240,184,28024,2,rapida
1239,27260,171,28031,5,rapida
1240,27273,192,28065,44,normal
1241,27289,212,28101,27,normal
1242,27292,138,28030,1,rapida
1243,27328,199,28127,1,rapida
1244,27354,198,28152,13,normal
1245,27369,147,28116,4,rapida
1246,27396,131,28127,5,rapida
1247,27433,235,28268,27,normal
1248,27453,219,28272,16,normal
1249,27514,211,28325,23,normal
1250,27536,157,28293,2,rapida
1251,27539,182,28321,15,normal
1252,27553,189,28342,8,rapida
1253,27581,182,28363,10,rapida
1254,27619,265,28484,15,normal
1255,27632,206,28438,13,normal
1256,27635,132,28367,10,rapida
1257,27643,123,28366,7,rapida
1258,27645,140,28385,5,rapida
1259,27668,161,28429,2,rapida
1260,27675,188,28463,26,normal
1261,27679,168,28447,3,rapida
1262,27705,175,28480,14,normal
1263,27749,178,28527,5,rapida
1264,27753,152,28505,8,rapida
1265,27767,153,28520,8,rapida
1266,27775,179,28554,11,normal
1267,27814,210,28624,21,normal
1268,27824,236,28660,15,normal
1269,27827,217,28644,24,normal
1270,27838,151,28589,5,rapida
1271,27869,176,28645,15,normal
1272,27878,174,28652,4,rapida
1273,27883,168,28651,10,rapida
1274,27892,210,28702,46,normal
1275,27895,131,28626,2,rapida
1276,27904,244,28748,45,normal
1277,27910,202,28712,41,normal
1278,27980,165,28745,1,rapida
1279,27984,172,28756,1,rapida
1280,27989,174,28763,4,rapida
1281,27992,156,28748,4,rapida
1282,28008,217,28825,24,normal
1283,28013,203,28816,36,normal
1284,28014,222,28836,11,normal
1285,28026,192,28818,17,normal
1286,28034,146,28780,69,normal
1287,28038,154,28792,7,rapida
1288,28076,147,28823,3,rapida
1289,28093,150,28843,7,rapida
1290,28109,183,28892,11,normal
1291,28126,199,28925,20,normal
1292,28143,208,28951,17,normal
1293,28151,200,28951,38,normal
1294,28156,199,28955,14,normal
1295,28168,236,29004,22,normal
1296,28176,186,28962,44,normal
1297,28178,193,28971,5,rapida
1298,28185,151,28936,3,rapida
1299,28211,133,28944,8,rapida
1300,28224,211,29035,11,normal
1301,28227,177,29004,18,normal
1302,28229,156,28985,5,rapida
1303,28261,167,29028,4,rapida
1304,28269,228,29097,15,normal
1305,28284,173,29057,3,rapida
1306,28294,127,29021,1,rapida
1307,28303,216,29119,41,normal
1308,28312,186,29098,10,rapida
1309,28324,265,29189,18,normal
1310,28352,166,29118,6,rapida
1311,28365,184,29149,7,rapida
1312,28366,120,29086,10,rapida
1313,28371,175,29146,7,rapida
1314,28374,186,29160,11,normal
1315,28424,253,29277,48,normal
1316,28470,188,29258,16,normal
1317,28481,126,29207,10,rapida
1318,28483,202,29285,36,normal
1319,28557,142,29299,6,rapida
1320,28560,180,29340,56,normal
1321,28564,167,29331,2,rapida
1322,28591,264,29455,18,normal
1323,28619,124,29343,9,rapida
1324,28628,137,29365,1,rapida
1325,28631,119,29350,9,rapida
1326,28637,166,29403,7,rapida
1327,28649,131,29380,8,rapida
1328,28651,220,29471,36,normal
1329,28666,149,29415,4,rapida
1330,28690,158,29448,2,rapida
1331,28691,156,29447,8,rapida
1332,28716,220,29536,18,normal
1333,28720,154,29474,7,rapida
1334,28767,154,29521,10,rapida
1335,28790,190,29580,12,normal
1336,28800,160,29560,41,normal
1337,28801,121,29522,3,rapida
1338,28808,201,29609,14,normal
1339,28809,196,29605,12,normal
1340,28815,169,29584,12,normal
1341,28817,144,29561,8,rapida
1342,28821,153,29574,2,rapida
1343,28847,151,29598,8,rapida
1344,28874,202,29676,20,normal
1345,28890,146,29636,5,rapida
1346,28893,134,29627,2,rapida
1347,28898,155,29653,2,rapida
1348,28903,211,29714,12,normal
1349,28904,160,29664,4,rapida
1350,28907,222,29729,12,normal
1351,28911,139,29650,10,rapida
1352,28940,163,29703,13,normal
1353,28952,182,29734,37,normal
1354,28962,173,29735,2,rapida
1355,28963,186,29749,5,rapida
1356,28968,191,29759,29,normal
1357,28977,237,29814,44,normal
1358,28983,237,29820,16,normal
1359,29003,150,29753,2,rapida
1360,29011,132,29743,8,rapida
1361,29016,124,29740,6,rapida
1362,29042,142,29784,8,rapida
1363,29045,148,29793,3,rapida
1364,29047,219,29866,13,normal
1365,29057,202,29859,17,normal
1366,29057,123,29780,1,rapida
1367,29077,239,29916,19,normal
1368,29080,215,29895,22,normal
1369,29090,141,29831,5,rapida
1370,29106,172,29878,7,rapida
1371,29119,107,29826,1,rapida
1372,29152,237,29989,11,normal
1373,29176,220,29996,35,normal
1374,29179,151,29930,6,rapida
1375,29184,136,29920,4,rapida
1376,29214,172,29986,16,normal
1377,29256,149,30005,1,rapida
1378,29272,160,30032,30,normal
1379,29319,188,30107,1,rapida
1380,29332,148,30080,5,rapida
1381,29336,199,30135,14,normal
1382,29358,231,30189,14,normal
1383,29360,196,30156,15,normal
1384,29406,245,30251,19,normal
1385,29427,144,30171,1,rapida
1386,29432,164,30196,6,rapida
1387,29432,156,30188,5,rapida
1388,29432,228,30260,14,normal
1389,29438,151,30189,7,rapida
1390,29456,242,30298,20,normal
1391,29484,157,30241,8,rapida
1392,29518,200,30318,36,normal
1393,29535,179,30314,3,rapida
1394,29549,170,30319,1,rapida
1395,29557,143,30300,9,rapida
1396,29575,186,30361,1,rapida
1397,29580,138,30318,8,rapida
1398,29582,151,30333,8,rapida
1399,29595,154,30349,2,rapida
1400,29621,187,30408,53,normal
1401,29622,142,30364,5,rapida
1402,29628,184,30412,16,normal
1403,29641,183,30424,10,rapida
1404,29653,141,30394,4,rapida
1405,29673,146,30419,3,rapida
1406,29732,222,30554,15,normal
1407,29732,173,30505,45,normal
1408,29792,174,30566,48,normal
1409,29848,195,30643,17,normal
1410,29876,174,30650,2,rapida
1411,29892,214,30706,23,normal
1412,29897,138,30635,10,rapida
1413,29925,191,30716,16,normal
1414,29941,122,30663,3,rapida
1415,29949,237,30786,20,normal
1416,29976,152,30728,6,rapida
1417,30008,127,30735,8,rapida
1418,30009,242,30851,53,normal
1419,30016,153,30769,14,normal
1420,30065,220,30885,22,normal
1421,30078,125,30803,4,rapida
1422,30088,107,30795,4,rapida
1423,30136,109,30845,9,rapida
1424,30160,110,30870,3,rapida
1425,30162,196,30958,14,normal
1426,30171,191,30962,9,rapida
1427,30191,232,31023,16,normal
1428,30205,221,31026,22,normal
1429,30207,110,30917,7,rapida
1430,30224,127,30951,2,rapida
1431,30236,146,30982,2,rapida
1432,30278,213,31091,68,normal
1433,30341,206,31147,40,normal
1434,30373,174,31147,48,normal
1435,30384,270,31254,25,normal
1436,30398,181,31179,36,normal
1437,30402,253,31255,33,normal
1438,30407,226,31233,22,normal
1439,30418,197,31215,28,normal
1440,30428,194,31222,32,normal
1441,30429,174,31203,13,normal
1442,30471,210,31281,16,normal
1443,30519,173,31292,48,normal
1444,30560,163,31323,4,rapida
1445,30609,238,31447,20,normal
1446,30688,166,31454,1,rapida
1447,30692,216,31508,12,normal
1448,30769,208,31577,12,normal
1449,30777,132,31509,3,rapida
1450,30800,211,31611,48,normal
1451,30807,151,31558,9,rapida
1452,30839,145,31584,3,rapida
1453,30864,217,31681,34,normal
1454,30872,201,31673,55,normal
1455,30885,204,31689,21,normal
1456,30891,257,31748,24,normal
1457,30923,149,31672,1,rapida
1458,30968,235,31803,59,normal
1459,30972,225,31797,71,normal
1460,30984,152,31736,3,rapida
1461,31000,197,31797,19,normal
1462,31021,166,31787,16,normal
1463,31038,158,31796,4,rapida
1464,31058,136,31794,9,rapida
1465,31068,178,31846,5,rapida
1466,31079,222,31901,38,normal
1467,31090,195,31885,2,rapida
1468,31096,141,31837,7,rapida
1469,31104,206,31910,6,rapida
1470,31124,137,31861,10,rapida
1471,31166,211,31977,11,normal
1472,31169,151,31920,5,rapida
1473,31180,146,31926,8,rapida
1474,31183,150,31933,4,rapida
1475,31189,174,31963,2,rapida
1476,31198,204,32002,31,normal
1477,31212,207,32019,43,normal
1478,31226,144,31970,6,rapida
1479,31238,182,32020,30,normal
1480,31257,124,31981,8,rapida
1481,31261,136,31997,8,rapida
1482,31276,188,32064,11,normal
1483,31301,144,32045,10,rapida
1484,31305,153,32058,9,rapida
1485,31305,132,32037,3,rapida
1486,31337,134,32071,3,rapida
1487,31339,154,32093,7,rapida
1488,31346,236,32182,18,normal
1489,31370,155,32125,2,rapida
1490,31374,170,32144,4,rapida
1491,31403,135,32138,10,rapida
1492,31408,161,32169,1,rapida
1493,31413,162,32175,13,normal
1494,31418,146,32164,5,rapida
1495,31439,231,32270,35,normal
1496,31446,138,32184,5,rapida
1497,31477,246,32323,59,normal
1498,31490,221,32311,19,normal
1499,31504,146,32250,3,rapida
1500,31508,220,32328,15,normal
1501,31544,149,32293,2,rapida
1502,31569,122,32291,10,rapida
1503,31594,188,32382,15,normal
1504,31604,124,32328,1,rapida
1505,31606,164,32370,10,rapida
1506,31620,140,32360,4,rapida
1507,31641,191,32432,11,normal
1508,31662,199,32461,29,normal
1509,31680,178,32458,14,normal
1510,31697,153,32450,2,rapida
1511,31702,163,32465,7,rapida
1512,31708,189,32497,12,normal
1513,31710,211,32521,22,normal
1514,31742,198,32540,43,normal
1515,31804,147,32551,9,rapida
1516,31917,213,32730,27,normal
1517,31933,161,32694,10,rapida
1518,31950,235,32785,13,normal
1519,31960,213,32773,32,normal
1520,31976,220,32796,18,normal
1521,31979,150,32729,10,rapida
1522,31989,173,32762,35,normal
1523,31994,235,32829,21,normal
1524,32002,151,32753,10,rapida
1525,32007,177,32784,4,rapida
1526,32028,172,32800,11,normal
1527,32051,144,32795,7,rapida
1528,32068,164,32832,9,rapida
1529,32074,119,32793,7,rapida
1530,32076,152,32828,3,rapida
1531,32099,184,32883,2,rapida
1532,32111,196,32907,21,normal
1533,32112,183,32895,22,normal
1534,32126,166,32892,12,normal
1535,32144,209,32953,8,rapida
1536,32145,212,32957,25,normal
1537,32166,222,32988,15,normal
1538,32167,247,33014,53,normal
1539,32172,215,32987,11,normal
1540,32173,189,32962,27,normal
1541,32177,120,32897,4,rapida
1542,32180,140,32920,2,rapida
1543,32212,197,33009,38,normal
1544,32221,128,32949,3,rapida
1545,32228,169,32997,13,normal
1546,32263,145,33008,7,rapida
1547,32296,169,33065,8,rapida
1548,32304,200,33104,12,normal
1549,32321,178,33099,4,rapida
1550,32327,179,33106,1,rapida
1551,32338,208,33146,31,normal
1552,32340,221,33161,12,normal
1553,32360,119,33079,2,rapida
1554,32396,149,33145,9,rapida
1555,32400,135,33135,4,rapida
1556,32402,144,33146,8,rapida
1557,32418,228,33246,32,normal
1558,32426,220,33246,18,normal
1559,32431,138,33169,10,rapida
1560,32439,187,33226,27,normal
1561,32440,181,33221,22,normal
1562,32445,119,33164,6,rapida
1563,32456,178,33234,5,rapida
1564,32458,132,33190,8,rapida
1565,32459,135,33194,10,rapida
1566,32465,226,33291,39,normal
1567,32485,166,33251,25,normal
1568,32504,262,33366,23,normal
1569,32531,191,33322,12,normal
1570,32541,184,33325,1,rapida
1571,32550,239,33389,18,normal
1572,32552,116,33268,1,rapida
1573,32553,158,33311,8,rapida
1574,32577,172,33349,1,rapida
1575,32579,182,33361,3,rapida
1576,32583,156,33339,6,rapida
1577,32598,195,33393,39,normal
1578,32608,165,33373,5,rapida
1579,32615,172,33387,2,rapida
1580,32629,223,33452,17,normal
1581,32642,145,33387,7,rapida
1582,32646,182,33428,22,normal
1583,32655,210,33465,17,normal
1584,32664,170,33434,11,normal
1585,32667,129,33396,8,rapida
1586,32667,187,33454,4,rapida
1587,32675,162,33437,2,rapida
1588,32704,217,33521,48,normal
1589,32748,181,33529,22,normal
1590,32784,184,33568,29,normal
1591,32821,149,33570,8,rapida
1592,32824,120,33544,6,rapida
1593,32842,104,33546,6,rapida
1594,32866,198,33664,16,normal
1595,32891,158,33649,9,rapida
1596,32904,103,33607,4,rapida
1597,32920,149,33669,6,rapida
1598,32954,133,33687,1,rapida
1599,32977,138,33715,1,rapida
1600,33004,203,33807,19,normal
1601,33012,221,33833,11,normal
1602,33038,219,33857,24,normal
1603,33053,212,33865,28,normal
1604,33085,179,33864,4,rapida
1605,33090,231,33921,11,normal
1606,33119,133,33852,5,rapida
1607,33129,218,33947,20,normal
1608,33158,150,33908,4,rapida
1609,33176,220,33996,84,normal
1610,33191,184,33975,19,normal
1611,33201,133,33934,4,rapida
1612,33214,233,34047,32,normal
1613,33222,155,33977,9,rapida
1614,33232,230,34062,18,normal
1615,33254,213,34067,11,normal
1616,33255,229,34084,22,normal
1617,33284,152,34036,6,rapida
1618,33313,149,34062,6,rapida
1619,33323,172,34095,5,rapida
1620,33340,208,34148,16,normal
1621,33343,249,34192,11,normal
1622,33364,116,34080,6,rapida
1623,33369,112,34081,5,rapida
1624,33375,211,34186,12,normal
1625,33379,207,34186,18,normal
1626,33391,123,34114,2,rapida
1627,33408,218,34226,23,normal
1628,33431,255,34286,19,normal
1629,33445,195,34240,26,normal
1630,33463,152,34215,1,rapida
1631,33474,159,34233,6,rapida
1632,33475,216,34291,16,normal
1633,33488,94,34182,9,rapida
1634,33514,159,34273,2,rapida
1635,33517,192,34309,10,rapida
1636,33534,197,34331,42,normal
1637,33601,207,34408,22,normal
1638,33613,141,34354,7,rapida
1639,33626,189,34415,12,normal
1640,33627,187,34414,1,rapida
1641,33630,219,34449,14,normal
1642,33635,209,34444,19,normal
1643,33659,228,34487,23,normal
1644,33663,236,34499,86,normal
1645,33684,240,34524,14,normal
1646,33689,157,34446,8,rapida
1647,33691,184,34475,8,rapida
1648,33718,178,34496,1,rapida
1649,33727,141,34468,2,rapida
1650,33749,198,34547,12,normal
1651,33750,169,34519,1,rapida
1652,33766,141,34507,4,rapida
1653,33769,191,34560,2,rapida
1654,33784,218,34602,47,normal
1655,33800,242,34642,12,normal
1656,33813,143,34556,3,rapida
1657,33850,189,34639,15,normal
1658,33870,160,34630,8,rapida
1659,33936,211,34747,21,normal
1660,33945,197,34742,5,rapida
1661,33947,190,34737,11,normal
1662,33953,162,34715,7,rapida
1663,33963,138,34701,8,rapida
1664,34034,255,34889,19,normal
1665,34048,242,34890,30,normal
1666,34086,121,34807,1,rapida
1667,34094,222,34916,34,normal
1668,34101,222,34923,12,normal
1669,34102,116,34818,3,rapida
1670,34171,159,34930,7,rapida
1671,34221,192,35013,22,normal
1672,34238,245,35083,18,normal
1673,34249,146,34995,8,rapida
1674,34264,202,35066,14,normal
1675,34266,124,34990,6,rapida
1676,34288,194,35082,14,normal
1677,34334,166,35100,2,rapida
1678,34383,165,35148,9,rapida
1679,34384,146,35130,5,rapida
1680,34421,185,35206,7,rapida
1681,34423,113,35136,5,rapida
1682,34462,139,35201,1,rapida
1683,34470,161,35231,3,rapida
1684,34504,126,35230,4,rapida
1685,34535,168,35303,6,rapida
1686,34563,176,35339,2,rapida
1687,34578,237,35415,32,normal
1688,34580,99,35279,5,rapida
1689,34590,200,35390,22,normal
1690,34639,186,35425,3,rapida
1691,34674,195,35469,17,normal
1692,34684,160,35444,7,rapida
1693,34695,230,35525,20,normal
1694,34720,183,35503,39,normal
1695,34736,223,35559,11,normal
1696,34747,212,35559,18,normal
1697,34771,227,35598,15,normal
1698,34794,220,35614,25,normal
1699,34800,275,35675,71,normal
1700,34820,214,35634,20,normal
1701,34841,200,35641,17,normal
1702,34855,209,35664,24,normal
1703,34860,137,35597,6,rapida
1704,34870,220,35690,33,normal
1705,34873,253,35726,26,normal
1706,34894,118,35612,2,rapida
1707,34947,172,35719,6,rapida
1708,34991,123,35714,7,rapida
1709,35013,160,35773,10,rapida
1710,35046,123,35769,10,rapida
1711,35078,224,35902,19,normal
1712,35094,148,35842,1,rapida
1713,35105,191,35896,11,normal
1714,35115,171,35886,9,rapida
1715,35120,137,35857,5,rapida
1716,35126,186,35912,7,rapida
1717,35161,162,35923,3,rapida
1718,35194,322,36116,14,normal
1719,35205,234,36039,19,normal
1720,35229,190,36019,17,normal
1721,35257,126,35983,4,rapida
1722,35259,184,36043,13,normal
1723,35306,119,36025,5,rapida
1724,35333,131,36064,10,rapida
1725,35356,181,36137,46,normal
1726,35383,208,36191,36,normal
1727,35403,209,36212,16,normal
1728,35416,194,36210,41,normal
1729,35433,147,36180,6,rapida
1730,35434,178,36212,46,normal
1731,35508,185,36293,39,normal
1732,35521,225,36346,13,normal
1733,35594,202,36396,11,normal
1734,35611,189,36400,10,rapida
1735,35618,187,36405,11,normal
1736,35663,212,36475,17,normal
1737,35685,195,36480,5,rapida
1738,35781,136,36517,6,rapida
1739,35788,136,36524,6,rapida
1740,35835,216,36651,34,normal
1741,35885,166,36651,8,rapida
1742,35915,219,36734,20,normal
1743,35965,166,36731,2,rapida
1744,35978,211,36789,31,normal
1745,35983,207,36790,12,normal
1746,35990,181,36771,7,rapida
1747,36000,181,36781,5,rapida
1748,36002,129,36731,7,rapida
1749,36006,116,36722,4,rapida
1750,36037,162,36799,3,rapida
1751,36042,153,36795,8,rapida
1752,36043,240,36883,16,normal
1753,36043,186,36829,17,normal
1754,36053,107,36760,7,rapida
1755,36059,109,36768,2,rapida
1756,36093,115,36808,10,rapida
1757,36095,161,36856,8,rapida
1758,36099,204,36903,15,normal
1759,36100,168,36868,15,normal
1760,36107,201,36908,35,normal
1761,36120,213,36933,14,normal
1762,36135,145,36880,2,rapida
1763,36160,229,36989,43,normal
1764,36168,169,36937,45,normal
1765,36171,213,36984,14,normal
1766,36177,258,37035,14,normal
1767,36197,149,36946,12,normal
1768,36236,221,37057,22,normal
1769,36237,162,36999,7,rapida
1770,36248,125,36973,10,rapida
1771,36249,182,37031,27,normal
1772,36266,164,37030,5,rapida
1773,36283,201,37084,11,normal
1774,36284,222,37106,13,normal
1775,36286,156,37042,10,rapida
1776,36300,166,37066,7,rapida
1777,36320,195,37115,11,normal
1778,36321,215,37136,36,normal
1779,36382,214,37196,14,normal
1780,36404,207,37211,11,normal
1781,36417,138,37155,3,rapida
1782,36438,180,37218,16,normal
1783,36445,192,37237,15,normal
1784,36461,261,37322,15,normal
1785,36480,133,37213,4,rapida
1786,36520,199,37319,19,normal
1787,36531,118,37249,5,rapida
1788,36532,141,37273,3,rapida
1789,36537,175,37312,2,rapida
1790,36546,183,37329,4,rapida
1791,36548,123,37271,1,rapida
1792,36552,147,37299,1,rapida
1793,36556,189,37345,7,rapida
1794,36565,194,37359,10,rapida
1795,36587,140,37327,4,rapida
1796,36596,202,37398,19,normal
1797,36619,202,37421,15,normal
1798,36632,229,37461,26,normal
1799,36636,177,37413,1,rapida
1800,36654,172,37426,3,rapida
1801,36671,244,37515,13,normal
1802,36694,203,37497,32,normal
1803,36723,170,37493,7,rapida
1804,36764,113,37477,4,rapida
1805,36786,135,37521,2,rapida
1806,36802,208,37610,19,normal
1807,36826,213,37639,11,normal
1808,36833,232,37665,20,normal
1809,36840,145,37585,8,rapida
1810,36887,144,37631,5,rapida
1811,36893,147,37640,3,rapida
1812,36898,198,37696,10,rapida
1813,36920,141,37661,4,rapida
1814,36928,157,37685,2,rapida
1815,36956,156,37712,2,rapida
1816,36995,208,37803,20,normal
1817,37000,147,37747,4,rapida
1818,37025,124,37749,2,rapida
1819,37032,150,37782,1,rapida
1820,37042,106,37748,9,rapida
1821,37060,211,37871,14,normal
1822,37067,196,37863,17,normal
1823,37083,216,37899,12,normal
1824,37094,160,37854,4,rapida
1825,37123,104,37827,9,rapida
1826,37152,158,37910,5,rapida
1827,37159,134,37893,10,rapida
1828,37177,127,37904,4,rapida
1829,37210,167,37977,2,rapida
1830,37214,223,38037,14,normal
1831,37225,138,37963,4,rapida
1832,37242,225,38067,29,normal
1833,37246,149,37995,3,rapida
1834,37254,113,37967,6,rapida
1835,37308,185,38093,10,rapida
1836,37315,256,38171,11,normal
1837,37323,191,38114,17,normal
1838,37345,151,38096,5,rapida
1839,37347,151,38098,6,rapida
1840,37359,209,38168,30,normal
1841,37363,178,38141,3,rapida
1842,37380,160,38140,5,rapida
1843,37394,203,38197,12,normal
1844,37412,97,38109,4,rapida
1845,37420,188,38208,2,rapida
1846,37429,140,38169,4,rapida
1847,37436,249,38285,22,normal
1848,37447,226,38273,22,normal
1849,37494,174,38268,23,normal
1850,37524,186,38310,4,rapida
1851,37535,194,38329,22,normal
1852,37543,201,38344,18,normal
1853,37570,177,38347,15,normal
1854,37585,211,38396,12,normal
1855,37589,197,38386,12,normal
1856,37598,139,38337,1,rapida
1857,37641,257,38498,20,normal
1858,37662,135,38397,2,rapida
1859,37671,216,38487,43,normal
1860,37672,200,38472,15,normal
1861,37688,187,38475,13,normal
1862,37701,159,38460,3,rapida
1863,37712,155,38467,16,normal
1864,37740,207,38547,53,normal
1865,37761,205,38566,9,rapida
1866,37763,247,38610,13,normal
1867,37776,204,38580,39,normal
1868,37778,207,38585,21,normal
1869,37785,177,38562,1,rapida
1870,37787,273,38660,12,normal
1871,37789,161,38550,6,rapida
1872,37808,158,38566,9,rapida
1873,37824,150,38574,10,rapida
1874,37837,185,38622,6,rapida
1875,37843,167,38610,4,rapida
1876,37845,236,38681,34,normal
1877,37852,118,38570,8,rapida
1878,37869,215,38684,12,normal
1879,37885,127,38612,7,rapida
1880,37927,228,38755,11,normal
1881,37964,217,38781,19,normal
1882,37977,162,38739,10,rapida
1883,37984,216,38800,43,normal
1884,37989,123,38712,7,rapida
1885,37990,173,38763,29,normal
1886,37993,151,38744,3,rapida
1887,38009,170,38779,1,rapida
1888,38032,159,38791,2,rapida
1889,38041,184,38825,40,normal
1890,38124,212,38936,15,normal
1891,38127,120,38847,3,rapida
1892,38128,189,38917,18,normal
1893,38209,128,38937,6,rapida
1894,38211,207,39018,52,normal
1895,38220,160,38980,5,rapida
1896,38225,200,39025,7,rapida
1897,38243,182,39025,18,normal
1898,38251,236,39087,18,normal
1899,38274,146,39020,1,rapida
1900,38302,191,39093,23,normal
1901,38303,171,39074,1,rapida
1902,38308,187,39095,11,normal
1903,38333,159,39092,9,rapida
1904,38366,134,39100,1,rapida
1905,38381,171,39152,9,rapida
1906,38400,178,39178,23,normal
1907,38444,113,39157,2,rapida
1908,38453,224,39277,13,normal
1909,38467,207,39274,27,normal
1910,38504,169,39273,5,rapida
1911,38543,161,39304,4,rapida
1912,38554,235,39389,39,normal
1913,38559,196,39355,24,normal
1914,38570,184,39354,21,normal
1915,38582,206,39388,11,normal
1916,38587,240,39427,14,normal
1917,38592,173,39365,73,normal
1918,38631,136,39367,1,rapida
1919,38651,214,39465,12,normal
1920,38660,217,39477,21,normal
1921,38663,245,39508,12,normal
1922,38669,189,39458,29,normal
1923,38670,172,39442,25,normal
1924,38685,125,39410,3,rapida
1925,38690,198,39488,17,normal
1926,38707,138,39445,5,rapida
1927,38732,132,39464,6,rapida
1928,38748,228,39576,14,normal
1929,38756,208,39564,27,normal
1930,38760,142,39502,4,rapida
1931,38763,140,39503,1,rapida
1932,38798,136,39534,8,rapida
1933,38815,112,39527,4,rapida
1934,38823,122,39545,8,rapida
1935,38845,175,39620,3,rapida
1936,38876,136,39612,9,rapida
1937,38881,143,39624,3,rapida
1938,38896,139,39635,9,rapida
1939,38912,186,39698,10,rapida
1940,38955,132,39687,2,rapida
1941,38963,130,39693,10,rapida
1942,38967,161,39728,6,rapida
1943,38984,153,39737,8,rapida
1944,39008,219,39827,13,normal
1945,39022,162,39784,2,rapida
1946,39067,160,39827,4,rapida
1947,39076,172,39848,10,rapida
1948,39090,185,39875,13,normal
1949,39092,120,39812,4,rapida
1950,39095,159,39854,1,rapida
1951,39101,130,39831,9,rapida
1952,39110,202,39912,16,normal
1953,39112,209,39921,25,normal
1954,39134,175,39909,28,normal
1955,39139,107,39846,4,rapida
1956,39210,160,39970,7,rapida
1957,39215,209,40024,25,normal
1958,39228,200,40028,46,normal
1959,39239,159,39998,8,rapida
1960,39243,283,40126,16,normal
1961,39252,148,40000,1,rapida
1962,39262,208,40070,14,normal
1963,39290,172,40062,1,rapida
1964,39308,247,40155,14,normal
1965,39329,219,40148,26,normal
1966,39357,205,40162,39,normal
1967,39378,130,40108,5,rapida
1968,39394,242,40236,29,normal
1969,39399,164,40163,1,rapida
1970,39414,145,40159,1,rapida
1971,39418,182,40200,18,normal
1972,39600,146,40346,6,rapida
1973,39611,109,40320,1,rapida
1974,39621,173,40394,5,rapida
1975,39632,198,40430,11,normal
1976,39634,229,40463,13,normal
1977,39642,158,40400,7,rapida
1978,39678,163,40441,3,rapida
1979,39692,162,40454,13,normal
1980,39725,128,40453,8,rapida
1981,39730,207,40537,35,normal
1982,39737,155,40492,4,rapida
1983,39817,145,40562,2,rapida
1984,39821,207,40628,47,normal
1985,39844,159,40603,9,rapida
1986,39866,214,40680,16,normal
1987,39886,202,40688,16,normal
1988,39909,154,40663,10,rapida
1989,39913,228,40741,12,normal
1990,39922,192,40714,6,rapida
1991,39968,181,40749,7,rapida
1992,39991,176,40767,1,rapida
1993,39997,190,40787,24,normal
1994,40001,142,40743,10,rapida
1995,40037,232,40869,13,normal
1996,40042,184,40826,11,normal
1997,40048,216,40864,11,normal
1998,40051,160,40811,5,rapida
1999,40078,239,40917,22,normal
2000,40111,140,40851,5,rapida
2001,40121,189,40910,13,normal
2002,40154,193,40947,13,normal
2003,40172,233,41005,52,normal
2004,40175,212,40987,27,normal
2005,40219,172,40991,57,normal
2006,40223,213,41036,21,normal
2007,40233,171,41004,3,rapida
2008,40243,224,41067,17,normal
2009,40251,146,40997,4,rapida
2010,40252,137,40989,8,rapida
2011,40319,234,41153,35,normal
2012,40319,154,41073,8,rapida
2013,40366,215,41181,23,normal
2014,40370,220,41190,26,normal
2015,40376,250,41226,12,normal
2016,40419,230,41249,31,normal
2017,40439,175,41214,62,normal
2018,40441,202,41243,15,normal
2019,40443,178,41221,4,rapida
2020,40460,174,41234,1,rapida
2021,40463,138,41201,9,rapida
2022,40485,189,41274,3,rapida
2023,40508,205,41313,13,normal
2024,40513,237,41350,20,normal
2025,40520,129,41249,10,rapida
2026,40538,135,41273,5,rapida
2027,40542,170,41312,3,rapida
2028,40556,241,41397,17,normal
2029,40640,214,41454,15,normal
2030,40659,107,41366,3,rapida
2031,40667,211,41478,25,normal
2032,40740,201,41541,15,normal
2033,40768,236,41604,32,normal
2034,40771,190,41561,15,normal
2035,40775,198,41573,18,normal
2036,40776,236,41612,33,normal
2037,40794,149,41543,2,rapida
2038,40867,142,41609,2,rapida
2039,40876,236,41712,14,normal
2040,40906,269,41775,15,normal
2041,40914,191,41705,2,rapida
2042,40932,207,41739,14,normal
2043,40943,201,41744,22,normal
2044,40956,204,41760,51,normal
2045,40995,174,41769,15,normal
2046,41051,125,41776,3,rapida
2047,41103,127,41830,7,rapida
2048,41241,195,42036,3,rapida
2049,41246,142,41988,1,rapida
2050,41266,177,42043,4,rapida
2051,41271,139,42010,7,rapida
2052,41308,164,42072,30,normal
2053,41312,134,42046,10,rapida
2054,41351,215,42166,11,normal
2055,41367,179,42146,2,rapida
2056,41379,200,42179,12,normal
2057,41392,191,42183,24,normal
2058,41394,210,42204,41,normal
2059,41397,215,42212,14,normal
2060,41413,204,42217,8,rapida
2061,41429,205,42234,22,normal
2062,41435,181,42216,6,rapida
2063,41445,206,42251,16,normal
2064,41465,137,42202,1,rapida
2065,41470,148,42218,1,rapida
2066,41471,128,42199,4,rapida
2067,41519,131,42250,3,rapida
2068,41536,199,42335,15,normal
2069,41544,226,42370,22,normal
2070,41549,130,42279,2,rapida
2071,41553,196,42349,37,normal
2072,41591,187,42378,26,normal
2073,41592,198,42390,26,normal
2074,41612,214,42426,70,normal
2075,41631,139,42370,8,rapida
2076,41658,227,42485,24,normal
2077,41666,256,42522,23,normal
2078,41711,152,42463,7,rapida
2079,41739,103,42442,10,rapida
2080,41746,211,42557,28,normal
2081,41751,247,42598,31,normal
2082,41762,149,42511,5,rapida
2083,41770,166,42536,10,rapida
2084,41774,194,42568,28,normal
2085,41788,153,42541,10,rapida
2086,41797,191,42588,13,normal
2087,41852,219,42671,22,normal
2088,41859,164,42623,7,rapida
2089,41864,223,42687,28,normal
2090,41877,168,42645,2,rapida
2091,41894,138,42632,8,rapida
2092,41912,145,42657,4,rapida
2093,41930,238,42768,8,rapida
2094,41943,136,42679,4,rapida
2095,41956,165,42721,4,rapida
2096,41979,121,42700,3,rapida
2097,41983,169,42752,10,rapida
2098,41988,213,42801,49,normal
2099,41989,284,42873,57,normal
2100,41992,132,42724,1,rapida
2101,42026,150,42776,6,rapida
2102,42049,118,42767,1,rapida
2103,42109,195,42904,16,normal
2104,42158,147,42905,2,rapida
2105,42181,148,42929,4,rapida
2106,42196,144,42940,2,rapida
2107,42209,241,43050,22,normal
2108,42210,159,42969,5,rapida
2109,42221,176,42997,10,rapida
2110,42228,191,43019,36,normal
2111,42231,127,42958,7,rapida
2112,42251,145,42996,10,rapida
2113,42261,119,42980,9,rapida
2114,42275,225,43100,18,normal
2115,42278,210,43088,11,normal
2116,42307,111,43018,6,rapida
2117,42314,153,43067,5,rapida
2118,42333,215,43148,16,normal
2119,42341,219,43160,44,normal
2120,42341,126,43067,10,rapida
2121,42361,210,43171,24,normal
2122,42372,206,43178,54,normal
2123,42373,149,43122,10,rapida
2124,42376,170,43146,43,normal
2125,42405,154,43159,7,rapida
2126,42406,114,43120,3,rapida
2127,42414,157,43171,5,rapida
2128,42478,231,43309,12,normal
2129,42499,175,43274,2,rapida
2130,42525,181,43306,13,normal
2131,42534,200,43334,16,normal
2132,42535,163,43298,7,rapida
2133,42551,216,43367,32,normal
2134,42553,184,43337,18,normal
2135,42556,128,43284,5,rapida
2136,42570,206,43376,14,normal
2137,42573,147,43320,4,rapida
2138,42585,228,43413,30,normal
2139,42590,150,43340,8,rapida
2140,42602,199,43401,55,normal
2141,42608,206,43414,15,normal
2142,42620,188,43408,54,normal
2143,42666,202,43468,67,normal
2144,42692,145,43437,7,rapida
2145,42703,120,43423,9,rapida
2146,42742,181,43523,17,normal
2147,42761,131,43492,8,rapida
2148,42798,143,43541,1,rapida
2149,42800,213,43613,11,normal
2150,42803,177,43580,11,normal
2151,42818,195,43613,11,normal
2152,42828,210,43638,11,normal
2153,42840,153,43593,8,rapida
2154,42862,136,43598,3,rapida
2155,42878,99,43577,2,rapida
2156,42907,204,43711,11,normal
2157,42935,218,43753,11,normal
2158,42938,206,43744,25,normal
2159,42938,170,43708,21,normal
2160,42941,184,43725,42,normal
2161,42944,209,43753,20,normal
2162,42957,109,43666,1,rapida
2163,42970,235,43805,18,normal
2164,42980,137,43717,6,rapida
2165,42999,192,43791,3,rapida
2166,43088,230,43918,24,normal
2167,43098,283,43981,23,normal
2168,43114,197,43911,19,normal
2169,43126,227,43953,20,normal
2170,43132,157,43889,5,rapida
2171,43154,152,43906,9,rapida
2172,43200,130,43930,9,rapida
2173,43209,138,43947,9,rapida
2174,43213,225,44038,12,normal
2175,43218,249,44067,45,normal
2176,43247,108,43955,8,rapida
2177,43268,129,43997,2,rapida
2178,43275,156,44031,5,rapida
2179,43294,240,44134,17,normal
2180,43306,215,44121,13,normal
2181,43322,223,44145,63,normal
2182,43327,218,44145,45,normal
2183,43330,208,44138,20,normal
2184,43339,153,44092,6,rapida
2185,43343,221,44164,30,normal
2186,43346,213,44159,25,normal
2187,43347,212,44159,25,normal
2188,43354,250,44204,32,normal
2189,43389,216,44205,32,normal
2190,43416,211,44227,11,normal
2191,43467,205,44272,36,normal
2192,43470,134,44204,6,rapida
2193,43493,203,44296,12,normal
2194,43503,183,44286,28,normal
2195,43508,145,44253,4,rapida
2196,43539,208,44347,16,normal
2197,43550,237,44387,15,normal
2198,43550,149,44299,4,rapida
2199,43577,196,44373,28,normal
2200,43595,264,44459,12,normal
2201,43609,135,44344,8,rapida
2202,43611,163,44374,26,normal
2203,43626,159,44385,3,rapida
2204,43671,152,44423,3,rapida
2205,43688,220,44508,23,normal
2206,43689,139,44428,7,rapida
2207,43708,121,44429,6,rapida
2208,43725,137,44462,9,rapida
2209,43750,136,44486,9,rapida
2210,43767,267,44634,14,normal
2211,43770,134,44504,5,rapida
2212,43783,114,44497,8,rapida
2213,43792,182,44574,7,rapida
2214,43806,181,44587,4,rapida
2215,43838,144,44582,6,rapida
2216,43844,153,44597,10,rapida
2217,43901,158,44659,1,rapida
2218,43919,214,44733,83,normal
2219,43946,250,44796,38,normal
2220,43970,194,44764,15,normal
2221,43988,181,44769,44,normal
2222,44009,204,44813,45,normal
2223,44024,145,44769,4,rapida
2224,44044,200,44844,18,normal
2225,44046,174,44820,15,normal
2226,44065,211,44876,16,normal
2227,44084,155,44839,6,rapida
2228,44110,198,44908,17,normal
2229,44137,243,44980,44,normal
2230,44178,211,44989,11,normal
2231,44198,162,44960,7,rapida
2232,44246,191,45037,29,normal
2233,44253,151,45004,8,rapida
2234,44302,208,45110,17,normal
2235,44310,166,45076,10,rapida
2236,44329,133,45062,4,rapida
2237,44358,147,45105,3,rapida
2238,44376,213,45189,12,normal
2239,44437,221,45258,10,rapida
2240,44451,172,45223,8,rapida
2241,44473,152,45225,4,rapida
2242,44488,222,45310,12,normal
2243,44529,209,45338,37,normal
2244,44536,262,45398,17,normal
2245,44602,127,45329,9,rapida
2246,44607,148,45355,10,rapida
2247,44660,170,45430,4,rapida
2248,44663,183,45446,14,normal
2249,44686,198,45484,13,normal
2250,44698,192,45490,11,normal
2251,44727,201,45528,70,normal
2252,44745,216,45561,37,normal
2253,44772,165,45537,2,rapida
2254,44775,110,45485,4,rapida
2255,44776,115,45491,1,rapida
2256,44779,116,45495,1,rapida
2257,44781,159,45540,1,rapida
2258,44784,214,45598,23,normal
2259,44790,116,45506,9,rapida
2260,44795,126,45521,3,rapida
2261,44808,222,45630,17,normal
2262,44812,211,45623,24,normal
2263,44816,212,45628,25,normal
2264,44826,144,45570,3,rapida
2265,44858,212,45670,38,normal
2266,44865,175,45640,3,rapida
2267,44877,199,45676,27,normal
2268,44890,197,45687,40,normal
2269,44894,160,45654,9,rapida
2270,44902,141,45643,2,rapida
2271,44932,191,45723,12,normal
2272,44959,223,45782,41,normal
2273,44963,167,45730,6,rapida
2274,44974,165,45739,14,normal
2275,44997,201,45798,2,rapida
2276,45013,149,45762,4,rapida
2277,45032,212,45844,14,normal
2278,45036,120,45756,2,rapida
2279,45087,127,45814,7,rapida
2280,45092,127,45819,1,rapida
2281,45098,131,45829,7,rapida
2282,45100,228,45928,19,normal
2283,45110,140,45850,2,rapida
2284,45145,154,45899,6,rapida
2285,45162,235,45997,60,normal
2286,45173,118,45891,9,rapida
2287,45198,121,45919,9,rapida
2288,45233,162,45995,2,rapida
2289,45260,136,45996,6,rapida
2290,45260,160,46020,12,normal
2291,45286,200,46086,20,normal
2292,45305,192,46097,23,normal
2293,45310,198,46108,25,normal
2294,45329,129,46058,8,rapida
2295,45364,240,46204,42,normal
2296,45370,142,46112,6,rapida
2297,45399,192,46191,24,normal
2298,45416,180,46196,7,rapida
2299,45420,165,46185,5,rapida
2300,45428,163,46191,10,rapida
2301,45464,228,46292,12,normal
2302,45467,212,46279,22,normal
2303,45476,190,46266,5,rapida
2304,45485,197,46282,40,normal
2305,45497,195,46292,26,normal
2306,45527,215,46342,12,normal
2307,45539,207,46346,16,normal
2308,45550,155,46305,10,rapida
2309,45561,173,46334,11,normal
2310,45578,188,46366,14,normal
2311,45580,215,46395,16,normal
2312,45580,182,46362,16,normal
2313,45597,231,46428,16,normal
2314,45598,176,46374,13,normal
2315,45604,203,46407,25,normal
2316,45633,193,46426,8,rapida
2317,45639,196,46435,3,rapida
2318,45748,224,46572,18,normal
2319,45799,118,46517,3,rapida
2320,45818,186,46604,11,normal
2321,45852,181,46633,42,normal
2322,45902,219,46721,77,normal
2323,45927,229,46756,12,normal
2324,45952,113,46665,4,rapida
2325,45954,126,46680,4,rapida
2326,45967,177,46744,8,rapida
2327,46005,143,46748,9,rapida
2328,46023,140,46763,4,rapida
2329,46024,204,46828,59,normal
2330,46037,199,46836,15,normal
2331,46059,176,46835,15,normal
2332,46085,210,46895,54,normal
2333,46121,170,46891,53,normal
2334,46139,241,46980,13,normal
2335,46159,205,46964,16,normal
2336,46167,188,46955,13,normal
2337,46186,195,46981,22,normal
2338,46198,168,46966,3,rapida
2339,46205,212,47017,12,normal
2340,46271,135,47006,8,rapida
2341,46277,152,47029,3,rapida
2342,46290,162,47052,1,rapida
2343,46303,127,47030,9,rapida
2344,46318,123,47041,3,rapida
2345,46379,148,47127,6,rapida
2346,46402,151,47153,10,rapida
2347,46409,198,47207,19,normal
2348,46455,208,47263,25,normal
2349,46481,185,47266,33,normal
2350,46489,235,47324,21,normal
2351,46529,166,47295,6,rapida
2352,46531,195,47326,23,normal
2353,46533,165,47298,16,normal
2354,46534,197,47331,8,rapida
2355,46571,125,47296,1,rapida
2356,46587,200,47387,12,normal
2357,46588,192,47380,12,normal
2358,46600,132,47332,7,rapida
2359,46630,196,47426,3,rapida
2360,46634,172,47406,3,rapida
2361,46643,233,47476,13,normal
2362,46711,188,47499,31,normal
2363,46720,198,47518,11,normal
2364,46722,145,47467,5,rapida
2365,46728,176,47504,8,rapida
2366,46729,213,47542,16,normal
2367,46753,125,47478,1,rapida
2368,46757,222,47579,66,normal
2369,46761,243,47604,16,normal
2370,46800,190,47590,17,normal
2371,46824,142,47566,8,rapida
2372,46831,92,47523,4,rapida
2373,46834,239,47673,43,normal
2374,46836,151,47587,4,rapida
2375,46837,140,47577,3,rapida
2376,46838,140,47578,2,rapida
2377,46841,232,47673,41,normal
2378,46859,164,47623,2,rapida
2379,46871,192,47663,24,normal
2380,46877,189,47666,15,normal
2381,46889,217,47706,11,normal
2382,46913,172,47685,6,rapida
2383,46916,207,47723,13,normal
2384,46921,137,47658,4,rapida
2385,46947,217,47764,11,normal
2386,46966,119,47685,10,rapida
2387,46981,115,47696,1,rapida
2388,47060,201,47861,16,normal
2389,47090,106,47796,4,rapida
2390,47097,190,47887,6,rapida
2391,47102,210,47912,24,normal
2392,47123,164,47887,6,rapida
2393,47165,205,47970,36,normal
2394,47184,217,48001,25,normal
2395,47193,189,47982,12,normal
2396,47210,211,48021,28,normal
2397,47212,158,47970,5,rapida
2398,47254,242,48096,13,normal
2399,47306,135,48041,2,rapida
2400,47334,134,48068,6,rapida
2401,47396,240,48236,14,normal
2402,47405,214,48219,21,normal
2403,47423,188,48211,66,normal
2404,47451,256,48307,36,normal
2405,47472,217,48289,22,normal
2406,47482,252,48334,16,normal
2407,47494,173,48267,8,rapida
2408,47542,113,48255,10,rapida
2409,47556,138,48294,9,rapida
2410,47596,218,48414,19,normal
2411,47609,177,48386,5,rapida
2412,47648,138,48386,5,rapida
2413,47664,163,48427,6,rapida
2414,47689,145,48434,2,rapida
2415,47695,159,48454,58,normal
2416,47714,95,48409,10,rapida
2417,47720,145,48465,6,rapida
2418,47728,256,48584,37,normal
2419,47738,149,48487,9,rapida
2420,47749,228,48577,28,normal
2421,47758,143,48501,6,rapida
2422,47774,209,48583,43,normal
2423,47814,122,48536,7,rapida
2424,47839,171,48610,11,normal
2425,47841,143,48584,2,rapida
2426,47862,231,48693,20,normal
2427,47869,218,48687,11,normal
2428,47870,265,48735,13,normal
2429,47877,249,48726,12,normal
2430,47899,107,48606,9,rapida
2431,47908,138,48646,6,rapida
2432,47923,251,48774,15,normal
2433,47934,213,48747,16,normal
2434,47939,212,48751,12,normal
2435,47957,218,48775,37,normal
2436,47962,165,48727,1,rapida
2437,47992,188,48780,2,rapida
2438,47994,182,48776,7,rapida
2439,48008,194,48802,11,normal
2440,48016,210,48826,16,normal
2441,48024,125,48749,1,rapida
2442,48056,205,48861,40,normal
2443,48095,116,48811,10,rapida
2444,48098,238,48936,12,normal
2445,48110,244,48954,38,normal
2446,48110,151,48861,5,rapida
2447,48141,225,48966,13,normal
2448,48155,147,48902,8,rapida
2449,48156,161,48917,2,rapida
2450,48161,133,48894,4,rapida
2451,48164,148,48912,2,rapida
2452,48169,147,48916,10,rapida
2453,48169,190,48959,13,normal
2454,48217,139,48956,1,rapida
2455,48221,112,48933,7,rapida
2456,48235,258,49093,35,normal
2457,48256,231,49087,20,normal
2458,48295,216,49111,35,normal
2459,48310,165,49075,8,rapida
2460,48320,222,49142,14,normal
2461,48335,151,49086,3,rapida
2462,48338,167,49105,5,rapida
2463,48342,173,49115,6,rapida
2464,48352,145,49097,6,rapida
2465,48358,179,49137,39,normal
2466,48366,165,49131,3,rapida
2467,48435,205,49240,12,normal
2468,48479,241,49320,14,normal
2469,48500,189,49289,2,rapida
2470,48532,178,49310,14,normal
2471,48536,178,49314,35,normal
2472,48551,231,49382,21,normal
2473,48580,199,49379,4,rapida
2474,48583,154,49337,7,rapida
2475,48603,220,49423,35,normal
2476,48604,156,49360,9,rapida
2477,48628,178,49406,12,normal
2478,48666,154,49420,2,rapida
2479,48670,160,49430,8,rapida
2480,48674,172,49446,2,rapida
2481,48712,153,49465,3,rapida
2482,48726,203,49529,23,normal
2483,48759,197,49556,7,rapida
2484,48770,192,49562,8,rapida
2485,48781,216,49597,11,normal
2486,48795,213,49608,12,normal
2487,48854,218,49672,12,normal
2488,48884,201,49685,50,normal
2489,48890,215,49705,11,normal
2490,48907,225,49732,28,normal
2491,48916,223,49739,51,normal
2492,48924,202,49726,19,normal
2493,48947,149,49696,8,rapida
2494,48965,227,49792,13,normal
2495,48969,149,49718,6,rapida
2496,48983,188,49771,28,normal
2497,48990,195,49785,13,normal
2498,49012,231,49843,23,normal
2499,49019,137,49756,5,rapida
2500,49030,162,49792,4,rapida
2501,49038,140,49778,10,rapida
2502,49052,136,49788,8,rapida
2503,49110,161,49871,1,rapida
2504,49124,227,49951,23,normal
2505,49151,124,49875,7,rapida
2506,49157,204,49961,14,normal
2507,49164,172,49936,2,rapida
2508,49177,194,49971,20,normal
2509,49234,162,49996,2,rapida
2510,49238,197,50035,16,normal
2511,49239,224,50063,11,normal
2512,49275,219,50094,13,normal
2513,49304,190,50094,7,rapida
2514,49312,155,50067,8,rapida
2515,49389,193,50182,16,normal
2516,49468,226,50294,28,normal
2517,49469,203,50272,16,normal
2518,49475,166,50241,8,rapida
2519,49488,189,50277,75,normal
2520,49509,100,50209,2,rapida
2521,49527,170,50297,6,rapida
2522,49541,199,50340,17,normal
2523,49544,180,50324,3,rapida
2524,49568,152,50320,1,rapida
2525,49593,137,50330,1,rapida
2526,49627,211,50438,22,normal
2527,49629,225,50454,12,normal
2528,49640,224,50464,28,normal
2529,49648,155,50403,3,rapida
2530,49651,172,50423,6,rapida
2531,49661,207,50468,27,normal
2532,49665,176,50441,2,rapida
2533,49667,112,50379,7,rapida
2534,49696,214,50510,41,normal
2535,49704,205,50509,38,normal
2536,49709,193,50502,28,normal
2537,49752,228,50580,9,rapida
2538,49777,136,50513,1,rapida
2539,49798,167,50565,1,rapida
2540,49819,183,50602,4,rapida
2541,49829,208,50637,16,normal
2542,49839,147,50586,10,rapida
2543,49840,177,50617,3,rapida
2544,49916,112,50628,7,rapida
2545,49927,171,50698,30,normal
2546,49947,106,50653,1,rapida
2547,49958,178,50736,4,rapida
2548,49964,175,50739,9,rapida
2549,49995,213,50808,7,rapida
2550,50011,158,50769,5,rapida
2551,50022,172,50794,9,rapida
2552,50042,193,50835,1,rapida
2553,50054,184,50838,6,rapida
2554,50115,245,50960,11,normal
2555,50145,148,50893,1,rapida
2556,50168,155,50923,9,rapida
2557,50400,213,51213,22,normal
2558,50402,220,51222,11,normal
2559,50437,144,51181,7,rapida
2560,50471,141,51212,5,rapida
2561,50476,169,51245,3,rapida
2562,50478,194,51272,14,normal
2563,50521,213,51334,21,normal
2564,50568,144,51312,9,rapida
2565,50578,217,51395,15,normal
2566,50587,169,51356,8,rapida
2567,50610,204,51414,59,normal
2568,50622,147,51369,1,rapida
2569,50624,205,51429,35,normal
2570,50629,182,51411,13,normal
2571,50657,254,51511,51,normal
2572,50663,150,51413,5,rapida
2573,50713,130,51443,5,rapida
2574,50746,169,51515,2,rapida
2575,50776,111,51487,3,rapida
2576,50799,194,51593,26,normal
2577,50807,196,51603,23,normal
2578,50845,247,51692,31,normal
2579,50852,180,51632,5,rapida
2580,50905,211,51716,5,rapida
2581,50983,221,51804,20,normal
2582,51007,226,51833,17,normal
2583,51076,151,51827,2,rapida
2584,51081,150,51831,2,rapida
2585,51115,181,51896,19,normal
2586,51135,116,51851,6,rapida
2587,51179,213,51992,60,normal
2588,51179,137,51916,10,rapida
2589,51220,173,51993,1,rapida
2590,51229,181,52010,17,normal
2591,51250,191,52041,20,normal
2592,51360,259,52219,15,normal
2593,51395,177,52172,8,rapida
2594,51426,154,52180,2,rapida
2595,51454,171,52225,7,rapida
2596,51512,187,52299,15,normal
2597,51556,131,52287,3,rapida
2598,51585,224,52409,23,normal
2599,51610,189,52399,31,normal
2600,51634,159,52393,8,rapida
2601,51652,187,52439,7,rapida
2602,51656,191,52447,19,normal
2603,51690,164,52454,8,rapida
2604,51701,192,52493,8,rapida
2605,51717,279,52596,28,normal
2606,51764,193,52557,1,rapida
2607,51784,161,52545,4,rapida
2608,51801,88,52489,10,rapida
2609,51825,176,52601,3,rapida
2610,51839,207,52646,32,normal
2611,51947,179,52726,26,normal
2612,52043,122,52765,6,rapida
2613,52137,225,52962,37,normal
2614,52166,97,52863,10,rapida
2615,52175,239,53014,37,normal
2616,52224,109,52933,3,rapida
2617,52238,228,53066,83,normal
2618,52291,205,53096,23,normal
2619,52299,178,53077,2,rapida
2620,52330,161,53091,3,rapida
2621,52389,155,53144,1,rapida
2622,52404,164,53168,7,rapida
2623,52420,110,53130,3,rapida
2624,52422,144,53166,7,rapida
2625,52431,134,53165,9,rapida
2626,52459,206,53265,23,normal
2627,52491,197,53288,54,normal
2628,52528,185,53313,26,normal
2629,52542,153,53295,10,rapida
2630,52545,217,53362,28,normal
2631,52572,153,53325,5,rapida
2632,52573,163,53336,6,rapida
2633,52577,167,53344,6,rapida
2634,52621,111,53332,3,rapida
2635,52632,204,53436,13,normal
2636,52702,181,53483,21,normal
2637,52740,207,53547,20,normal
2638,52755,194,53549,13,normal
2639,52806,144,53550,5,rapida
2640,52822,149,53571,2,rapida
2641,52864,215,53679,53,normal
2642,52873,121,53594,5,rapida
2643,52926,213,53739,17,normal
2644,52928,119,53647,3,rapida
2645,52932,109,53641,6,rapida
2646,52938,201,53739,26,normal
2647,52948,209,53757,25,normal
2648,52976,210,53786,17,normal
2649,52997,231,53828,15,normal
2650,53039,208,53847,24,normal
2651,53099,117,53816,5,rapida
2652,53100,198,53898,26,normal
2653,53167,203,53970,13,normal
2654,53183,252,54035,13,normal
2655,53192,171,53963,3,rapida
2656,53192,190,53982,18,normal
2657,53231,204,54035,65,normal
2658,53267,204,54071,15,normal
2659,53271,205,54076,17,normal
2660,53277,174,54051,19,normal
2661,53322,184,54106,11,normal
2662,53352,113,54065,7,rapida
2663,53367,116,54083,9,rapida
2664,53400,203,54203,15,normal
2665,53427,152,54179,6,rapida
2666,53434,197,54231,25,normal
2667,53482,159,54241,5,rapida
2668,53522,148,54270,8,rapida
2669,53543,215,54358,11,normal
2670,53588,235,54423,20,normal
2671,53690,125,54415,2,rapida
2672,53695,120,54415,7,rapida
2673,53711,217,54528,18,normal
2674,53727,151,54478,6,rapida
2675,53771,211,54582,25,normal
2676,53781,233,54614,9,rapida
2677,53823,146,54569,8,rapida
2678,53834,219,54653,36,normal
2679,53838,213,54651,40,normal
2680,53861,208,54669,27,normal
2681,54000,230,54830,14,normal
2682,54012,147,54759,59,normal
2683,54038,202,54840,54,normal
2684,54072,184,54856,45,normal
2685,54074,140,54814,2,rapida
2686,54087,169,54856,5,rapida
2687,54112,196,54908,13,normal
2688,54160,194,54954,41,normal
2689,54204,144,54948,1,rapida
2690,54211,118,54929,10,rapida
2691,54230,140,54970,1,rapida
2692,54265,162,55027,3,rapida
2693,54282,260,55142,55,normal
2694,54291,237,55128,22,normal
2695,54312,212,55124,18,normal
2696,54345,143,55088,4,rapida
2697,54351,194,55145,14,normal
2698,54390,162,55152,3,rapida
2699,54416,167,55183,9,rapida
2700,54457,144,55201,9,rapida
2701,54477,148,55225,2,rapida
2702,54574,230,55404,33,normal
2703,54606,141,55347,7,rapida
2704,54651,162,55413,7,rapida
2705,54690,141,55431,1,rapida
2706,54708,211,55519,14,normal
2707,54737,160,55497,10,rapida
2708,54748,202,55550,28,normal
2709,54839,154,55593,6,rapida
2710,54874,109,55583,6,rapida
2711,54882,161,55643,8,rapida
2712,54956,152,55708,3,rapida
2713,54975,181,55756,10,rapida
2714,55026,211,55837,18,normal
2715,55028,203,55831,56,normal
2716,55091,122,55813,7,rapida
2717,55125,219,55944,25,normal
2718,55132,182,55914,64,normal
2719,55165,219,55984,16,normal
2720,55249,154,56003,5,rapida
2721,55260,138,55998,5,rapida
2722,55271,203,56074,36,normal
2723,55289,111,56000,6,rapida
2724,55313,230,56143,30,normal
2725,55367,105,56072,8,rapida
2726,55402,187,56189,1,rapida
2727,55420,237,56257,12,normal
2728,55450,243,56293,23,normal
2729,55546,154,56300,3,rapida
2730,55587,144,56331,9,rapida
2731,55607,115,56322,9,rapida
2732,55625,185,56410,6,rapida
2733,55653,132,56385,6,rapida
2734,55707,156,56463,8,rapida
2735,55716,151,56467,3,rapida
2736,55763,200,56563,5,rapida
2737,55783,148,56531,1,rapida
2738,55806,269,56675,20,normal
2739,55967,263,56830,11,normal
2740,56010,242,56852,32,normal
2741,56022,136,56758,4,rapida
2742,56056,155,56811,1,rapida
2743,56112,157,56869,5,rapida
2744,56155,230,56985,11,normal
2745,56155,224,56979,5,rapida
2746,56210,185,56995,17,normal
2747,56274,147,57021,4,rapida
2748,56314,163,57077,23,normal
2749,56315,122,57037,4,rapida
2750,56322,233,57155,16,normal
2751,56345,140,57085,10,rapida
2752,56347,191,57138,18,normal
2753,56388,285,57273,26,normal
2754,56406,155,57161,8,rapida
2755,56421,177,57198,24,normal
2756,56448,159,57207,3,rapida
2757,56476,113,57189,8,rapida
2758,56506,228,57334,63,normal
2759,56526,137,57263,4,rapida
2760,56544,213,57357,11,normal
2761,56582,198,57380,5,rapida
2762,56615,128,57343,3,rapida
2763,56631,179,57410,13,normal
2764,56643,170,57413,4,rapida
2765,56676,141,57417,3,rapida
2766,56726,149,57475,5,rapida
2767,56835,213,57648,19,normal
2768,56842,193,57635,33,normal
2769,56843,207,57650,19,normal
2770,56919,116,57635,8,rapida
2771,56926,207,57733,21,normal
2772,56940,143,57683,5,rapida
2773,57020,154,57774,9,rapida
2774,57153,148,57901,6,rapida
2775,57166,144,57910,4,rapida
2776,57167,193,57960,16,normal
2777,57231,163,57994,4,rapida
2778,57254,201,58055,13,normal
2779,57282,191,58073,65,normal
2780,57317,120,58037,4,rapida
2781,57324,156,58080,4,rapida
2782,57357,172,58129,17,normal
2783,57359,211,58170,28,normal
2784,57381,104,58085,3,rapida
2785,57440,178,58218,2,rapida
2786,57466,242,58308,22,normal
2787,57489,192,58281,49,normal
2788,57515,145,58260,5,rapida
2789,57516,256,58372,74,normal
2790,57580,263,58443,11,normal
2791,57580,199,58379,19,normal
2792,57600,204,58404,19,normal
2793,57656,168,58424,9,rapida
2794,57671,200,58471,37,normal
2795,57707,185,58492,19,normal
2796,57708,93,58401,5,rapida
2797,58679,204,59483,11,normal
2798,59596,202,60398,25,normal
2799,60462,211,61273,22,normal
2800,60480,164,61244,1,rapida
